"","bulan","kota_kabupaten","kecamatan","kelurahan","jenis_kelamin","jumlah","kmeans_clustering.cluster"
"1",1,1,1,1,1,7,2
"2",1,1,1,2,1,0,2
"3",1,1,1,3,1,0,2
"4",1,1,2,4,1,1,2
"5",1,1,2,5,1,3,2
"6",1,1,2,6,1,4,2
"7",1,2,3,7,1,2,2
"8",1,2,3,8,1,3,2
"9",1,2,3,9,1,12,2
"10",1,2,3,10,1,7,2
"11",1,2,3,11,1,4,2
"12",1,2,3,12,1,8,2
"13",1,2,4,13,1,3,2
"14",1,2,4,14,1,9,2
"15",1,2,4,15,1,6,2
"16",1,2,4,16,1,1,2
"17",1,2,4,17,1,9,2
"18",1,2,5,18,1,14,2
"19",1,2,5,19,1,29,2
"20",1,2,5,20,1,16,2
"21",1,2,5,21,1,13,2
"22",1,2,5,22,1,4,2
"23",1,2,5,23,1,12,2
"24",1,2,5,24,1,9,2
"25",1,2,5,25,1,12,2
"26",1,2,6,26,1,1,2
"27",1,2,6,27,1,6,2
"28",1,2,6,28,1,7,2
"29",1,2,6,29,1,15,2
"30",1,2,6,30,1,5,2
"31",1,2,6,31,1,15,2
"32",1,2,7,32,1,15,2
"33",1,2,7,33,1,11,2
"34",1,2,7,34,1,23,2
"35",1,2,8,35,1,12,2
"36",1,2,8,36,1,10,2
"37",1,2,8,37,1,6,2
"38",1,2,8,38,1,1,2
"39",1,2,8,39,1,5,2
"40",1,2,9,40,1,1,2
"41",1,2,9,41,1,9,2
"42",1,2,9,42,1,16,2
"43",1,2,9,43,1,22,2
"44",1,2,9,44,1,27,2
"45",1,2,9,45,1,11,2
"46",1,2,9,46,1,3,2
"47",1,2,10,47,1,17,2
"48",1,2,10,48,1,9,2
"49",1,2,10,49,1,3,2
"50",1,2,10,50,1,13,2
"51",1,3,11,51,1,54,2
"52",1,3,11,52,1,13,2
"53",1,3,11,53,1,14,2
"54",1,3,11,54,1,26,2
"55",1,3,11,55,1,23,2
"56",1,3,12,56,1,23,2
"57",1,3,12,57,1,36,2
"58",1,3,12,58,1,12,2
"59",1,3,12,59,1,12,2
"60",1,3,12,60,1,23,2
"61",1,3,12,61,1,26,2
"62",1,3,12,62,1,44,2
"63",1,3,13,63,1,14,2
"64",1,3,13,64,1,21,2
"65",1,3,13,65,1,13,2
"66",1,3,13,66,1,4,2
"67",1,3,13,67,1,30,2
"68",1,3,13,68,1,18,2
"69",1,3,14,69,1,26,2
"70",1,3,14,70,1,33,2
"71",1,3,14,71,1,20,2
"72",1,3,14,72,1,28,2
"73",1,3,14,73,1,26,2
"74",1,3,14,74,1,28,2
"75",1,3,14,75,1,31,2
"76",1,3,15,76,1,23,2
"77",1,3,15,77,1,37,2
"78",1,3,15,78,1,16,2
"79",1,3,16,79,1,5,2
"80",1,3,16,80,1,22,2
"81",1,3,16,81,1,22,2
"82",1,4,17,82,1,32,2
"83",1,4,17,83,1,63,2
"84",1,4,17,84,1,29,2
"85",1,4,17,85,1,15,2
"86",1,4,17,86,1,88,2
"87",1,4,17,87,1,50,2
"88",1,4,18,88,1,1,2
"89",1,4,18,89,1,4,2
"90",1,4,18,90,1,11,2
"91",1,4,18,91,1,11,2
"92",1,4,18,92,1,17,1
"93",1,4,18,93,1,15,1
"94",1,4,18,94,1,24,1
"95",1,4,19,95,1,3,1
"96",1,4,19,96,1,5,1
"97",1,4,19,97,1,1,1
"98",1,4,19,98,1,4,1
"99",1,4,19,99,1,2,1
"100",1,4,19,100,1,8,1
"101",1,4,19,101,1,2,1
"102",1,4,19,102,1,3,1
"103",1,4,20,103,1,0,1
"104",1,4,20,104,1,5,1
"105",1,4,20,105,1,8,1
"106",1,4,20,106,1,14,1
"107",1,4,20,107,1,9,1
"108",1,4,20,108,1,8,1
"109",1,4,20,109,1,11,1
"110",1,4,20,110,1,10,1
"111",1,4,20,111,1,5,1
"112",1,4,20,112,1,2,1
"113",1,4,20,113,1,5,1
"114",1,4,21,114,1,31,1
"115",1,4,21,115,1,10,1
"116",1,4,21,116,1,20,1
"117",1,4,21,117,1,20,1
"118",1,4,21,118,1,23,1
"119",1,4,21,119,1,18,1
"120",1,4,21,120,1,5,1
"121",1,4,22,121,1,23,1
"122",1,4,22,122,1,33,1
"123",1,4,22,123,1,30,1
"124",1,4,22,124,1,23,1
"125",1,4,22,125,1,34,1
"126",1,4,23,126,1,32,1
"127",1,4,23,127,1,13,1
"128",1,4,23,128,1,6,1
"129",1,4,23,129,1,4,1
"130",1,4,23,130,1,14,1
"131",1,4,23,131,1,5,1
"132",1,4,24,132,1,25,1
"133",1,4,24,133,1,42,1
"134",1,4,24,134,1,16,1
"135",1,4,24,135,1,19,1
"136",1,4,24,136,1,10,1
"137",1,4,24,137,1,2,1
"138",1,5,25,138,1,5,1
"139",1,5,25,139,1,10,1
"140",1,5,25,140,1,24,1
"141",1,5,25,141,1,16,1
"142",1,5,25,142,1,14,1
"143",1,5,25,143,1,12,1
"144",1,5,25,144,1,5,1
"145",1,5,26,145,1,0,1
"146",1,5,26,146,1,2,1
"147",1,5,26,147,1,10,1
"148",1,5,26,148,1,3,1
"149",1,5,26,149,1,11,1
"150",1,5,26,150,1,24,1
"151",1,5,26,151,1,4,1
"152",1,5,26,152,1,3,1
"153",1,5,27,153,1,14,1
"154",1,5,27,154,1,11,1
"155",1,5,27,155,1,13,1
"156",1,5,27,156,1,15,1
"157",1,5,27,157,1,0,1
"158",1,5,28,158,1,11,1
"159",1,5,28,159,1,19,1
"160",1,5,28,160,1,37,1
"161",1,5,28,161,1,23,1
"162",1,5,28,162,1,34,1
"163",1,5,28,163,1,15,1
"164",1,5,28,164,1,25,1
"165",1,5,29,165,1,20,1
"166",1,5,29,166,1,18,1
"167",1,5,29,167,1,10,1
"168",1,5,29,168,1,10,1
"169",1,5,29,169,1,20,1
"170",1,5,29,170,1,18,1
"171",1,5,30,171,1,26,1
"172",1,5,30,172,1,26,1
"173",1,5,30,173,1,11,1
"174",1,5,30,174,1,3,1
"175",1,5,30,175,1,8,1
"176",1,5,31,176,1,2,1
"177",1,5,31,177,1,2,1
"178",1,5,31,178,1,5,1
"179",1,5,31,179,1,0,1
"180",1,5,31,180,1,2,1
"181",1,5,31,181,1,3,1
"182",1,5,31,182,1,4,1
"183",1,5,31,183,1,11,3
"184",1,5,31,184,1,14,3
"185",1,5,31,185,1,16,3
"186",1,5,32,186,1,17,3
"187",1,5,32,187,1,23,3
"188",1,5,32,188,1,17,3
"189",1,5,32,189,1,20,3
"190",1,5,32,190,1,21,3
"191",1,5,32,191,1,6,3
"192",1,5,33,192,1,25,3
"193",1,5,33,193,1,38,3
"194",1,5,33,194,1,35,3
"195",1,5,33,195,1,28,3
"196",1,5,33,196,1,23,3
"197",1,5,33,197,1,20,3
"198",1,5,34,198,1,12,3
"199",1,5,34,199,1,37,3
"200",1,5,34,200,1,34,3
"201",1,5,34,201,1,31,3
"202",1,5,34,202,1,22,3
"203",1,6,35,203,1,15,3
"204",1,6,35,204,1,10,3
"205",1,6,35,205,1,5,3
"206",1,6,35,206,1,4,3
"207",1,6,35,207,1,12,3
"208",1,6,35,208,1,14,3
"209",1,6,36,209,1,24,3
"210",1,6,36,210,1,16,3
"211",1,6,36,211,1,21,3
"212",1,6,36,212,1,19,3
"213",1,6,36,213,1,23,3
"214",1,6,36,214,1,28,3
"215",1,6,36,215,1,9,3
"216",1,6,37,216,1,10,3
"217",1,6,37,217,1,15,3
"218",1,6,37,218,1,4,3
"219",1,6,37,219,1,8,3
"220",1,6,37,220,1,8,3
"221",1,6,37,221,1,22,3
"222",1,6,37,222,1,25,3
"223",1,6,37,223,1,24,3
"224",1,6,38,224,1,18,3
"225",1,6,38,225,1,27,3
"226",1,6,38,226,1,11,3
"227",1,6,38,227,1,38,3
"228",1,6,38,228,1,19,3
"229",1,6,38,229,1,37,3
"230",1,6,38,230,1,21,3
"231",1,6,39,231,1,22,3
"232",1,6,39,232,1,31,3
"233",1,6,39,233,1,29,3
"234",1,6,39,234,1,32,3
"235",1,6,39,235,1,30,3
"236",1,6,40,236,1,38,3
"237",1,6,40,237,1,21,3
"238",1,6,40,238,1,60,3
"239",1,6,40,239,1,55,3
"240",1,6,40,240,1,67,3
"241",1,6,40,241,1,17,3
"242",1,6,40,242,1,58,3
"243",1,6,41,243,1,27,3
"244",1,6,41,244,1,21,3
"245",1,6,41,245,1,40,3
"246",1,6,41,246,1,44,3
"247",1,6,41,247,1,8,3
"248",1,6,41,248,1,15,3
"249",1,6,41,249,1,20,3
"250",1,6,42,250,1,21,3
"251",1,6,42,251,1,20,3
"252",1,6,42,252,1,32,3
"253",1,6,42,253,1,26,3
"254",1,6,42,254,1,24,3
"255",1,6,43,255,1,49,3
"256",1,6,43,256,1,38,3
"257",1,6,43,257,1,25,3
"258",1,6,43,258,1,26,3
"259",1,6,43,259,1,21,3
"260",1,6,44,260,1,19,3
"261",1,6,44,261,1,26,3
"262",1,6,44,262,1,19,3
"263",1,6,44,263,1,13,3
"264",1,6,44,264,1,12,3
"265",1,6,44,265,1,13,3
"266",1,6,44,266,1,29,3
"267",1,6,44,267,1,8,3
"268",1,1,1,1,2,5,2
"269",1,1,1,2,2,0,2
"270",1,1,1,3,2,0,2
"271",1,1,2,4,2,0,2
"272",1,1,2,5,2,4,2
"273",1,1,2,6,2,2,2
"274",1,2,3,7,2,6,2
"275",1,2,3,8,2,3,2
"276",1,2,3,9,2,15,2
"277",1,2,3,10,2,13,2
"278",1,2,3,11,2,10,2
"279",1,2,3,12,2,8,2
"280",1,2,4,13,2,2,2
"281",1,2,4,14,2,14,2
"282",1,2,4,15,2,12,2
"283",1,2,4,16,2,6,2
"284",1,2,4,17,2,14,2
"285",1,2,5,18,2,16,2
"286",1,2,5,19,2,33,2
"287",1,2,5,20,2,20,2
"288",1,2,5,21,2,12,2
"289",1,2,5,22,2,5,2
"290",1,2,5,23,2,20,2
"291",1,2,5,24,2,9,2
"292",1,2,5,25,2,12,2
"293",1,2,6,26,2,1,2
"294",1,2,6,27,2,6,2
"295",1,2,6,28,2,11,2
"296",1,2,6,29,2,20,2
"297",1,2,6,30,2,2,2
"298",1,2,6,31,2,11,2
"299",1,2,7,32,2,14,2
"300",1,2,7,33,2,14,2
"301",1,2,7,34,2,32,2
"302",1,2,8,35,2,12,2
"303",1,2,8,36,2,18,2
"304",1,2,8,37,2,6,2
"305",1,2,8,38,2,1,2
"306",1,2,8,39,2,1,2
"307",1,2,9,40,2,0,2
"308",1,2,9,41,2,9,2
"309",1,2,9,42,2,15,2
"310",1,2,9,43,2,21,2
"311",1,2,9,44,2,17,2
"312",1,2,9,45,2,30,2
"313",1,2,9,46,2,12,2
"314",1,2,10,47,2,13,2
"315",1,2,10,48,2,8,2
"316",1,2,10,49,2,3,2
"317",1,2,10,50,2,14,2
"318",1,3,11,51,2,58,2
"319",1,3,11,52,2,10,2
"320",1,3,11,53,2,20,2
"321",1,3,11,54,2,34,2
"322",1,3,11,55,2,25,2
"323",1,3,12,56,2,23,2
"324",1,3,12,57,2,34,2
"325",1,3,12,58,2,13,2
"326",1,3,12,59,2,10,2
"327",1,3,12,60,2,26,2
"328",1,3,12,61,2,20,2
"329",1,3,12,62,2,29,2
"330",1,3,13,63,2,16,2
"331",1,3,13,64,2,19,2
"332",1,3,13,65,2,19,2
"333",1,3,13,66,2,14,2
"334",1,3,13,67,2,49,2
"335",1,3,13,68,2,22,2
"336",1,3,14,69,2,23,2
"337",1,3,14,70,2,40,2
"338",1,3,14,71,2,19,2
"339",1,3,14,72,2,29,2
"340",1,3,14,73,2,22,2
"341",1,3,14,74,2,34,2
"342",1,3,14,75,2,42,2
"343",1,3,15,76,2,33,2
"344",1,3,15,77,2,36,2
"345",1,3,15,78,2,15,2
"346",1,3,16,79,2,8,2
"347",1,3,16,80,2,27,2
"348",1,3,16,81,2,32,2
"349",1,4,17,82,2,31,2
"350",1,4,17,83,2,74,2
"351",1,4,17,84,2,25,2
"352",1,4,17,85,2,16,2
"353",1,4,17,86,2,87,2
"354",1,4,17,87,2,47,2
"355",1,4,18,88,2,3,2
"356",1,4,18,89,2,5,2
"357",1,4,18,90,2,13,2
"358",1,4,18,91,2,17,2
"359",1,4,18,92,2,16,1
"360",1,4,18,93,2,27,1
"361",1,4,18,94,2,23,1
"362",1,4,19,95,2,5,1
"363",1,4,19,96,2,1,1
"364",1,4,19,97,2,4,1
"365",1,4,19,98,2,7,1
"366",1,4,19,99,2,1,1
"367",1,4,19,100,2,5,1
"368",1,4,19,101,2,0,1
"369",1,4,19,102,2,5,1
"370",1,4,20,103,2,0,1
"371",1,4,20,104,2,3,1
"372",1,4,20,105,2,5,1
"373",1,4,20,106,2,15,1
"374",1,4,20,107,2,11,1
"375",1,4,20,108,2,10,1
"376",1,4,20,109,2,16,1
"377",1,4,20,110,2,5,1
"378",1,4,20,111,2,5,1
"379",1,4,20,112,2,2,1
"380",1,4,20,113,2,8,1
"381",1,4,21,114,2,34,1
"382",1,4,21,115,2,13,1
"383",1,4,21,116,2,17,1
"384",1,4,21,117,2,15,1
"385",1,4,21,118,2,35,1
"386",1,4,21,119,2,18,1
"387",1,4,21,120,2,15,1
"388",1,4,22,121,2,40,1
"389",1,4,22,122,2,41,1
"390",1,4,22,123,2,39,1
"391",1,4,22,124,2,17,1
"392",1,4,22,125,2,36,1
"393",1,4,23,126,2,33,1
"394",1,4,23,127,2,15,1
"395",1,4,23,128,2,11,1
"396",1,4,23,129,2,3,1
"397",1,4,23,130,2,14,1
"398",1,4,23,131,2,8,1
"399",1,4,24,132,2,29,1
"400",1,4,24,133,2,47,1
"401",1,4,24,134,2,22,1
"402",1,4,24,135,2,24,1
"403",1,4,24,136,2,19,1
"404",1,4,24,137,2,2,1
"405",1,5,25,138,2,6,1
"406",1,5,25,139,2,15,1
"407",1,5,25,140,2,18,1
"408",1,5,25,141,2,12,1
"409",1,5,25,142,2,16,1
"410",1,5,25,143,2,17,1
"411",1,5,25,144,2,11,1
"412",1,5,26,145,2,1,1
"413",1,5,26,146,2,3,1
"414",1,5,26,147,2,15,1
"415",1,5,26,148,2,2,1
"416",1,5,26,149,2,16,1
"417",1,5,26,150,2,28,1
"418",1,5,26,151,2,4,1
"419",1,5,26,152,2,3,1
"420",1,5,27,153,2,11,1
"421",1,5,27,154,2,17,1
"422",1,5,27,155,2,21,1
"423",1,5,27,156,2,19,1
"424",1,5,27,157,2,5,1
"425",1,5,28,158,2,18,1
"426",1,5,28,159,2,24,1
"427",1,5,28,160,2,27,1
"428",1,5,28,161,2,30,1
"429",1,5,28,162,2,47,1
"430",1,5,28,163,2,16,1
"431",1,5,28,164,2,25,1
"432",1,5,29,165,2,25,1
"433",1,5,29,166,2,19,1
"434",1,5,29,167,2,18,1
"435",1,5,29,168,2,9,1
"436",1,5,29,169,2,21,1
"437",1,5,29,170,2,24,1
"438",1,5,30,171,2,39,1
"439",1,5,30,172,2,37,1
"440",1,5,30,173,2,18,1
"441",1,5,30,174,2,10,1
"442",1,5,30,175,2,15,1
"443",1,5,31,176,2,3,1
"444",1,5,31,177,2,0,1
"445",1,5,31,178,2,3,1
"446",1,5,31,179,2,0,1
"447",1,5,31,180,2,2,1
"448",1,5,31,181,2,2,1
"449",1,5,31,182,2,4,1
"450",1,5,31,183,2,9,3
"451",1,5,31,184,2,14,3
"452",1,5,31,185,2,20,3
"453",1,5,32,186,2,12,3
"454",1,5,32,187,2,20,3
"455",1,5,32,188,2,24,3
"456",1,5,32,189,2,18,3
"457",1,5,32,190,2,18,3
"458",1,5,32,191,2,6,3
"459",1,5,33,192,2,37,3
"460",1,5,33,193,2,33,3
"461",1,5,33,194,2,26,3
"462",1,5,33,195,2,23,3
"463",1,5,33,196,2,27,3
"464",1,5,33,197,2,26,3
"465",1,5,34,198,2,20,3
"466",1,5,34,199,2,41,3
"467",1,5,34,200,2,37,3
"468",1,5,34,201,2,34,3
"469",1,5,34,202,2,21,3
"470",1,6,35,203,2,14,3
"471",1,6,35,204,2,10,3
"472",1,6,35,205,2,3,3
"473",1,6,35,206,2,10,3
"474",1,6,35,207,2,10,3
"475",1,6,35,208,2,10,3
"476",1,6,36,209,2,21,3
"477",1,6,36,210,2,18,3
"478",1,6,36,211,2,34,3
"479",1,6,36,212,2,17,3
"480",1,6,36,213,2,17,3
"481",1,6,36,214,2,28,3
"482",1,6,36,215,2,7,3
"483",1,6,37,216,2,10,3
"484",1,6,37,217,2,15,3
"485",1,6,37,218,2,1,3
"486",1,6,37,219,2,12,3
"487",1,6,37,220,2,15,3
"488",1,6,37,221,2,29,3
"489",1,6,37,222,2,23,3
"490",1,6,37,223,2,24,3
"491",1,6,38,224,2,26,3
"492",1,6,38,225,2,37,3
"493",1,6,38,226,2,13,3
"494",1,6,38,227,2,30,3
"495",1,6,38,228,2,30,3
"496",1,6,38,229,2,31,3
"497",1,6,38,230,2,19,3
"498",1,6,39,231,2,25,3
"499",1,6,39,232,2,40,3
"500",1,6,39,233,2,41,3
"501",1,6,39,234,2,41,3
"502",1,6,39,235,2,23,3
"503",1,6,40,236,2,39,3
"504",1,6,40,237,2,18,3
"505",1,6,40,238,2,80,3
"506",1,6,40,239,2,41,3
"507",1,6,40,240,2,78,3
"508",1,6,40,241,2,33,3
"509",1,6,40,242,2,51,3
"510",1,6,41,243,2,32,3
"511",1,6,41,244,2,35,3
"512",1,6,41,245,2,51,3
"513",1,6,41,246,2,49,3
"514",1,6,41,247,2,14,3
"515",1,6,41,248,2,19,3
"516",1,6,41,249,2,29,3
"517",1,6,42,250,2,21,3
"518",1,6,42,251,2,18,3
"519",1,6,42,252,2,38,3
"520",1,6,42,253,2,32,3
"521",1,6,42,254,2,30,3
"522",1,6,43,255,2,37,3
"523",1,6,43,256,2,45,3
"524",1,6,43,257,2,27,3
"525",1,6,43,258,2,26,3
"526",1,6,43,259,2,30,3
"527",1,6,44,260,2,24,3
"528",1,6,44,261,2,23,3
"529",1,6,44,262,2,24,3
"530",1,6,44,263,2,15,3
"531",1,6,44,264,2,21,3
"532",1,6,44,265,2,18,3
"533",1,6,44,266,2,42,3
"534",1,6,44,267,2,14,3
"535",2,1,1,1,1,1,2
"536",2,1,1,2,1,1,2
"537",2,1,1,3,1,0,2
"538",2,1,2,4,1,2,2
"539",2,1,2,5,1,0,2
"540",2,1,2,6,1,0,2
"541",2,2,3,7,1,0,2
"542",2,2,3,8,1,6,2
"543",2,2,3,9,1,13,2
"544",2,2,3,10,1,8,2
"545",2,2,3,11,1,2,2
"546",2,2,3,12,1,4,2
"547",2,2,4,13,1,1,2
"548",2,2,4,14,1,5,2
"549",2,2,4,15,1,4,2
"550",2,2,4,16,1,4,2
"551",2,2,4,17,1,14,2
"552",2,2,5,18,1,12,2
"553",2,2,5,19,1,14,2
"554",2,2,5,20,1,1,2
"555",2,2,5,21,1,9,2
"556",2,2,5,22,1,6,2
"557",2,2,5,23,1,23,2
"558",2,2,5,24,1,15,2
"559",2,2,5,25,1,7,2
"560",2,2,6,26,1,5,2
"561",2,2,6,27,1,2,2
"562",2,2,6,28,1,12,2
"563",2,2,6,29,1,19,2
"564",2,2,6,30,1,7,2
"565",2,2,6,31,1,11,2
"566",2,2,7,32,1,8,2
"567",2,2,7,33,1,17,2
"568",2,2,7,34,1,27,2
"569",2,2,8,35,1,13,2
"570",2,2,8,36,1,8,2
"571",2,2,8,37,1,2,2
"572",2,2,8,38,1,1,2
"573",2,2,8,39,1,5,2
"574",2,2,9,40,1,0,2
"575",2,2,9,41,1,12,2
"576",2,2,9,42,1,14,2
"577",2,2,9,43,1,27,2
"578",2,2,9,44,1,22,2
"579",2,2,9,45,1,6,2
"580",2,2,9,46,1,6,2
"581",2,2,10,47,1,19,2
"582",2,2,10,48,1,7,2
"583",2,2,10,49,1,10,2
"584",2,2,10,50,1,13,2
"585",2,3,11,51,1,55,2
"586",2,3,11,52,1,6,2
"587",2,3,11,53,1,22,2
"588",2,3,11,54,1,38,2
"589",2,3,11,55,1,23,2
"590",2,3,12,56,1,23,2
"591",2,3,12,57,1,29,2
"592",2,3,12,58,1,14,2
"593",2,3,12,59,1,19,2
"594",2,3,12,60,1,28,2
"595",2,3,12,61,1,32,2
"596",2,3,12,62,1,25,2
"597",2,3,13,63,1,12,2
"598",2,3,13,64,1,42,2
"599",2,3,13,65,1,38,2
"600",2,3,13,66,1,23,2
"601",2,3,13,67,1,29,2
"602",2,3,13,68,1,25,2
"603",2,3,14,69,1,27,2
"604",2,3,14,70,1,33,2
"605",2,3,14,71,1,20,2
"606",2,3,14,72,1,55,2
"607",2,3,14,73,1,33,2
"608",2,3,14,74,1,39,2
"609",2,3,14,75,1,42,2
"610",2,3,15,76,1,6,2
"611",2,3,15,77,1,30,2
"612",2,3,15,78,1,6,2
"613",2,3,16,79,1,13,2
"614",2,3,16,80,1,37,2
"615",2,3,16,81,1,19,2
"616",2,4,17,82,1,28,2
"617",2,4,17,83,1,46,2
"618",2,4,17,84,1,54,2
"619",2,4,17,85,1,24,2
"620",2,4,17,86,1,86,2
"621",2,4,17,87,1,53,2
"622",2,4,18,88,1,9,2
"623",2,4,18,89,1,3,2
"624",2,4,18,90,1,10,2
"625",2,4,18,91,1,8,2
"626",2,4,18,92,1,9,1
"627",2,4,18,93,1,15,1
"628",2,4,18,94,1,16,1
"629",2,4,19,95,1,2,1
"630",2,4,19,96,1,2,1
"631",2,4,19,97,1,3,1
"632",2,4,19,98,1,5,1
"633",2,4,19,99,1,2,1
"634",2,4,19,100,1,11,1
"635",2,4,19,101,1,0,1
"636",2,4,19,102,1,6,1
"637",2,4,20,103,1,0,1
"638",2,4,20,104,1,15,1
"639",2,4,20,105,1,7,1
"640",2,4,20,106,1,6,1
"641",2,4,20,107,1,10,1
"642",2,4,20,108,1,14,1
"643",2,4,20,109,1,19,1
"644",2,4,20,110,1,16,1
"645",2,4,20,111,1,7,1
"646",2,4,20,112,1,0,1
"647",2,4,20,113,1,5,1
"648",2,4,21,114,1,27,1
"649",2,4,21,115,1,14,1
"650",2,4,21,116,1,24,1
"651",2,4,21,117,1,18,1
"652",2,4,21,118,1,33,1
"653",2,4,21,119,1,20,1
"654",2,4,21,120,1,16,1
"655",2,4,22,121,1,42,1
"656",2,4,22,122,1,53,1
"657",2,4,22,123,1,52,1
"658",2,4,22,124,1,46,1
"659",2,4,22,125,1,36,1
"660",2,4,23,126,1,31,1
"661",2,4,23,127,1,10,1
"662",2,4,23,128,1,14,1
"663",2,4,23,129,1,12,1
"664",2,4,23,130,1,19,1
"665",2,4,23,131,1,10,1
"666",2,4,24,132,1,38,1
"667",2,4,24,133,1,15,1
"668",2,4,24,134,1,17,1
"669",2,4,24,135,1,33,1
"670",2,4,24,136,1,21,1
"671",2,4,24,137,1,18,1
"672",2,5,25,138,1,7,1
"673",2,5,25,139,1,11,1
"674",2,5,25,140,1,9,1
"675",2,5,25,141,1,7,1
"676",2,5,25,142,1,21,1
"677",2,5,25,143,1,18,1
"678",2,5,25,144,1,17,1
"679",2,5,26,145,1,0,1
"680",2,5,26,146,1,1,1
"681",2,5,26,147,1,14,1
"682",2,5,26,148,1,10,1
"683",2,5,26,149,1,5,1
"684",2,5,26,150,1,16,1
"685",2,5,26,151,1,1,1
"686",2,5,26,152,1,2,1
"687",2,5,27,153,1,3,1
"688",2,5,27,154,1,6,1
"689",2,5,27,155,1,11,1
"690",2,5,27,156,1,19,1
"691",2,5,27,157,1,6,1
"692",2,5,28,158,1,11,1
"693",2,5,28,159,1,11,1
"694",2,5,28,160,1,22,1
"695",2,5,28,161,1,18,1
"696",2,5,28,162,1,37,1
"697",2,5,28,163,1,26,1
"698",2,5,28,164,1,11,1
"699",2,5,29,165,1,23,1
"700",2,5,29,166,1,30,1
"701",2,5,29,167,1,27,1
"702",2,5,29,168,1,17,1
"703",2,5,29,169,1,24,1
"704",2,5,29,170,1,17,1
"705",2,5,30,171,1,27,1
"706",2,5,30,172,1,13,1
"707",2,5,30,173,1,33,1
"708",2,5,30,174,1,7,1
"709",2,5,30,175,1,5,1
"710",2,5,31,176,1,0,1
"711",2,5,31,177,1,8,1
"712",2,5,31,178,1,3,1
"713",2,5,31,179,1,0,1
"714",2,5,31,180,1,1,1
"715",2,5,31,181,1,4,1
"716",2,5,31,182,1,0,1
"717",2,5,31,183,1,7,3
"718",2,5,31,184,1,24,3
"719",2,5,31,185,1,5,3
"720",2,5,32,186,1,8,3
"721",2,5,32,187,1,22,3
"722",2,5,32,188,1,22,3
"723",2,5,32,189,1,6,3
"724",2,5,32,190,1,14,3
"725",2,5,32,191,1,3,3
"726",2,5,33,192,1,32,3
"727",2,5,33,193,1,32,3
"728",2,5,33,194,1,35,3
"729",2,5,33,195,1,17,3
"730",2,5,33,196,1,26,3
"731",2,5,33,197,1,23,3
"732",2,5,34,198,1,19,3
"733",2,5,34,199,1,21,3
"734",2,5,34,200,1,25,3
"735",2,5,34,201,1,24,3
"736",2,5,34,202,1,19,3
"737",2,6,35,203,1,20,3
"738",2,6,35,204,1,22,3
"739",2,6,35,205,1,12,3
"740",2,6,35,206,1,15,3
"741",2,6,35,207,1,9,3
"742",2,6,35,208,1,15,3
"743",2,6,36,209,1,38,3
"744",2,6,36,210,1,15,3
"745",2,6,36,211,1,23,3
"746",2,6,36,212,1,10,3
"747",2,6,36,213,1,19,3
"748",2,6,36,214,1,41,3
"749",2,6,36,215,1,18,3
"750",2,6,37,216,1,9,3
"751",2,6,37,217,1,12,3
"752",2,6,37,218,1,9,3
"753",2,6,37,219,1,14,3
"754",2,6,37,220,1,21,3
"755",2,6,37,221,1,28,3
"756",2,6,37,222,1,16,3
"757",2,6,37,223,1,17,3
"758",2,6,38,224,1,27,3
"759",2,6,38,225,1,34,3
"760",2,6,38,226,1,48,3
"761",2,6,38,227,1,28,3
"762",2,6,38,228,1,12,3
"763",2,6,38,229,1,22,3
"764",2,6,38,230,1,27,3
"765",2,6,39,231,1,22,3
"766",2,6,39,232,1,25,3
"767",2,6,39,233,1,23,3
"768",2,6,39,234,1,29,3
"769",2,6,39,235,1,45,3
"770",2,6,40,236,1,54,3
"771",2,6,40,237,1,10,3
"772",2,6,40,238,1,74,3
"773",2,6,40,239,1,50,3
"774",2,6,40,240,1,99,3
"775",2,6,40,241,1,28,3
"776",2,6,40,242,1,37,3
"777",2,6,41,243,1,30,3
"778",2,6,41,244,1,27,3
"779",2,6,41,245,1,47,3
"780",2,6,41,246,1,52,3
"781",2,6,41,247,1,19,3
"782",2,6,41,248,1,14,3
"783",2,6,41,249,1,19,3
"784",2,6,42,250,1,27,3
"785",2,6,42,251,1,19,3
"786",2,6,42,252,1,31,3
"787",2,6,42,253,1,18,3
"788",2,6,42,254,1,27,3
"789",2,6,43,255,1,34,3
"790",2,6,43,256,1,43,3
"791",2,6,43,257,1,36,3
"792",2,6,43,258,1,26,3
"793",2,6,43,259,1,18,3
"794",2,6,44,260,1,9,3
"795",2,6,44,261,1,16,3
"796",2,6,44,262,1,16,3
"797",2,6,44,263,1,9,3
"798",2,6,44,264,1,16,3
"799",2,6,44,265,1,17,3
"800",2,6,44,266,1,30,3
"801",2,6,44,267,1,9,3
"802",2,1,1,1,2,2,2
"803",2,1,1,2,2,1,2
"804",2,1,1,3,2,0,2
"805",2,1,2,4,2,3,2
"806",2,1,2,5,2,1,2
"807",2,1,2,6,2,0,2
"808",2,2,3,7,2,2,2
"809",2,2,3,8,2,7,2
"810",2,2,3,9,2,11,2
"811",2,2,3,10,2,11,2
"812",2,2,3,11,2,4,2
"813",2,2,3,12,2,6,2
"814",2,2,4,13,2,2,2
"815",2,2,4,14,2,6,2
"816",2,2,4,15,2,7,2
"817",2,2,4,16,2,8,2
"818",2,2,4,17,2,8,2
"819",2,2,5,18,2,9,2
"820",2,2,5,19,2,24,2
"821",2,2,5,20,2,14,2
"822",2,2,5,21,2,9,2
"823",2,2,5,22,2,8,2
"824",2,2,5,23,2,27,2
"825",2,2,5,24,2,9,2
"826",2,2,5,25,2,11,2
"827",2,2,6,26,2,14,2
"828",2,2,6,27,2,6,2
"829",2,2,6,28,2,12,2
"830",2,2,6,29,2,12,2
"831",2,2,6,30,2,5,2
"832",2,2,6,31,2,15,2
"833",2,2,7,32,2,10,2
"834",2,2,7,33,2,14,2
"835",2,2,7,34,2,15,2
"836",2,2,8,35,2,11,2
"837",2,2,8,36,2,11,2
"838",2,2,8,37,2,3,2
"839",2,2,8,38,2,1,2
"840",2,2,8,39,2,3,2
"841",2,2,9,40,2,0,2
"842",2,2,9,41,2,13,2
"843",2,2,9,42,2,10,2
"844",2,2,9,43,2,29,2
"845",2,2,9,44,2,25,2
"846",2,2,9,45,2,9,2
"847",2,2,9,46,2,4,2
"848",2,2,10,47,2,30,2
"849",2,2,10,48,2,8,2
"850",2,2,10,49,2,4,2
"851",2,2,10,50,2,21,2
"852",2,3,11,51,2,55,2
"853",2,3,11,52,2,11,2
"854",2,3,11,53,2,18,2
"855",2,3,11,54,2,50,2
"856",2,3,11,55,2,26,2
"857",2,3,12,56,2,25,2
"858",2,3,12,57,2,40,2
"859",2,3,12,58,2,18,2
"860",2,3,12,59,2,7,2
"861",2,3,12,60,2,31,2
"862",2,3,12,61,2,41,2
"863",2,3,12,62,2,29,2
"864",2,3,13,63,2,8,2
"865",2,3,13,64,2,39,2
"866",2,3,13,65,2,38,2
"867",2,3,13,66,2,18,2
"868",2,3,13,67,2,29,2
"869",2,3,13,68,2,41,2
"870",2,3,14,69,2,25,2
"871",2,3,14,70,2,47,2
"872",2,3,14,71,2,14,2
"873",2,3,14,72,2,50,2
"874",2,3,14,73,2,29,2
"875",2,3,14,74,2,25,2
"876",2,3,14,75,2,46,2
"877",2,3,15,76,2,6,2
"878",2,3,15,77,2,37,2
"879",2,3,15,78,2,19,2
"880",2,3,16,79,2,13,2
"881",2,3,16,80,2,26,2
"882",2,3,16,81,2,28,2
"883",2,4,17,82,2,26,2
"884",2,4,17,83,2,49,2
"885",2,4,17,84,2,46,2
"886",2,4,17,85,2,25,2
"887",2,4,17,86,2,78,2
"888",2,4,17,87,2,50,2
"889",2,4,18,88,2,5,2
"890",2,4,18,89,2,8,2
"891",2,4,18,90,2,11,2
"892",2,4,18,91,2,16,2
"893",2,4,18,92,2,13,1
"894",2,4,18,93,2,26,1
"895",2,4,18,94,2,24,1
"896",2,4,19,95,2,2,1
"897",2,4,19,96,2,5,1
"898",2,4,19,97,2,5,1
"899",2,4,19,98,2,7,1
"900",2,4,19,99,2,2,1
"901",2,4,19,100,2,6,1
"902",2,4,19,101,2,0,1
"903",2,4,19,102,2,10,1
"904",2,4,20,103,2,8,1
"905",2,4,20,104,2,12,1
"906",2,4,20,105,2,7,1
"907",2,4,20,106,2,13,1
"908",2,4,20,107,2,11,1
"909",2,4,20,108,2,21,1
"910",2,4,20,109,2,17,1
"911",2,4,20,110,2,16,1
"912",2,4,20,111,2,12,1
"913",2,4,20,112,2,0,1
"914",2,4,20,113,2,8,1
"915",2,4,21,114,2,30,1
"916",2,4,21,115,2,28,1
"917",2,4,21,116,2,28,1
"918",2,4,21,117,2,14,1
"919",2,4,21,118,2,24,1
"920",2,4,21,119,2,23,1
"921",2,4,21,120,2,21,1
"922",2,4,22,121,2,47,1
"923",2,4,22,122,2,48,1
"924",2,4,22,123,2,47,1
"925",2,4,22,124,2,45,1
"926",2,4,22,125,2,46,1
"927",2,4,23,126,2,27,1
"928",2,4,23,127,2,12,1
"929",2,4,23,128,2,15,1
"930",2,4,23,129,2,13,1
"931",2,4,23,130,2,16,1
"932",2,4,23,131,2,6,1
"933",2,4,24,132,2,33,1
"934",2,4,24,133,2,25,1
"935",2,4,24,134,2,21,1
"936",2,4,24,135,2,38,1
"937",2,4,24,136,2,32,1
"938",2,4,24,137,2,14,1
"939",2,5,25,138,2,9,1
"940",2,5,25,139,2,5,1
"941",2,5,25,140,2,19,1
"942",2,5,25,141,2,9,1
"943",2,5,25,142,2,19,1
"944",2,5,25,143,2,16,1
"945",2,5,25,144,2,11,1
"946",2,5,26,145,2,2,1
"947",2,5,26,146,2,3,1
"948",2,5,26,147,2,13,1
"949",2,5,26,148,2,10,1
"950",2,5,26,149,2,10,1
"951",2,5,26,150,2,19,1
"952",2,5,26,151,2,5,1
"953",2,5,26,152,2,5,1
"954",2,5,27,153,2,7,1
"955",2,5,27,154,2,6,1
"956",2,5,27,155,2,18,1
"957",2,5,27,156,2,22,1
"958",2,5,27,157,2,4,1
"959",2,5,28,158,2,18,1
"960",2,5,28,159,2,12,1
"961",2,5,28,160,2,18,1
"962",2,5,28,161,2,27,1
"963",2,5,28,162,2,36,1
"964",2,5,28,163,2,21,1
"965",2,5,28,164,2,13,1
"966",2,5,29,165,2,20,1
"967",2,5,29,166,2,39,1
"968",2,5,29,167,2,22,1
"969",2,5,29,168,2,20,1
"970",2,5,29,169,2,20,1
"971",2,5,29,170,2,21,1
"972",2,5,30,171,2,48,1
"973",2,5,30,172,2,17,1
"974",2,5,30,173,2,33,1
"975",2,5,30,174,2,9,1
"976",2,5,30,175,2,9,1
"977",2,5,31,176,2,1,1
"978",2,5,31,177,2,8,1
"979",2,5,31,178,2,2,1
"980",2,5,31,179,2,0,1
"981",2,5,31,180,2,1,1
"982",2,5,31,181,2,2,1
"983",2,5,31,182,2,0,1
"984",2,5,31,183,2,6,3
"985",2,5,31,184,2,33,3
"986",2,5,31,185,2,9,3
"987",2,5,32,186,2,9,3
"988",2,5,32,187,2,25,3
"989",2,5,32,188,2,25,3
"990",2,5,32,189,2,7,3
"991",2,5,32,190,2,21,3
"992",2,5,32,191,2,7,3
"993",2,5,33,192,2,51,3
"994",2,5,33,193,2,37,3
"995",2,5,33,194,2,39,3
"996",2,5,33,195,2,22,3
"997",2,5,33,196,2,19,3
"998",2,5,33,197,2,20,3
"999",2,5,34,198,2,27,3
"1000",2,5,34,199,2,29,3
"1001",2,5,34,200,2,37,3
"1002",2,5,34,201,2,27,3
"1003",2,5,34,202,2,23,3
"1004",2,6,35,203,2,30,3
"1005",2,6,35,204,2,24,3
"1006",2,6,35,205,2,25,3
"1007",2,6,35,206,2,14,3
"1008",2,6,35,207,2,16,3
"1009",2,6,35,208,2,20,3
"1010",2,6,36,209,2,36,3
"1011",2,6,36,210,2,10,3
"1012",2,6,36,211,2,25,3
"1013",2,6,36,212,2,12,3
"1014",2,6,36,213,2,23,3
"1015",2,6,36,214,2,37,3
"1016",2,6,36,215,2,22,3
"1017",2,6,37,216,2,12,3
"1018",2,6,37,217,2,18,3
"1019",2,6,37,218,2,8,3
"1020",2,6,37,219,2,13,3
"1021",2,6,37,220,2,21,3
"1022",2,6,37,221,2,34,3
"1023",2,6,37,222,2,9,3
"1024",2,6,37,223,2,29,3
"1025",2,6,38,224,2,22,3
"1026",2,6,38,225,2,40,3
"1027",2,6,38,226,2,19,3
"1028",2,6,38,227,2,32,3
"1029",2,6,38,228,2,22,3
"1030",2,6,38,229,2,21,3
"1031",2,6,38,230,2,22,3
"1032",2,6,39,231,2,26,3
"1033",2,6,39,232,2,23,3
"1034",2,6,39,233,2,28,3
"1035",2,6,39,234,2,35,3
"1036",2,6,39,235,2,30,3
"1037",2,6,40,236,2,74,3
"1038",2,6,40,237,2,13,3
"1039",2,6,40,238,2,106,3
"1040",2,6,40,239,2,67,3
"1041",2,6,40,240,2,83,3
"1042",2,6,40,241,2,27,3
"1043",2,6,40,242,2,20,3
"1044",2,6,41,243,2,38,3
"1045",2,6,41,244,2,44,3
"1046",2,6,41,245,2,43,3
"1047",2,6,41,246,2,54,3
"1048",2,6,41,247,2,23,3
"1049",2,6,41,248,2,9,3
"1050",2,6,41,249,2,29,3
"1051",2,6,42,250,2,29,3
"1052",2,6,42,251,2,24,3
"1053",2,6,42,252,2,25,3
"1054",2,6,42,253,2,22,3
"1055",2,6,42,254,2,36,3
"1056",2,6,43,255,2,58,3
"1057",2,6,43,256,2,55,3
"1058",2,6,43,257,2,43,3
"1059",2,6,43,258,2,32,3
"1060",2,6,43,259,2,15,3
"1061",2,6,44,260,2,11,3
"1062",2,6,44,261,2,29,3
"1063",2,6,44,262,2,17,3
"1064",2,6,44,263,2,10,3
"1065",2,6,44,264,2,22,3
"1066",2,6,44,265,2,17,3
"1067",2,6,44,266,2,45,3
"1068",2,6,44,267,2,5,3
"1069",3,1,1,1,1,5,2
"1070",3,1,1,2,1,1,2
"1071",3,1,1,3,1,1,2
"1072",3,1,2,4,1,2,2
"1073",3,1,2,5,1,0,2
"1074",3,1,2,6,1,1,2
"1075",3,2,3,7,1,4,2
"1076",3,2,3,8,1,8,2
"1077",3,2,3,9,1,8,2
"1078",3,2,3,10,1,17,2
"1079",3,2,3,11,1,1,2
"1080",3,2,3,12,1,6,2
"1081",3,2,4,13,1,7,2
"1082",3,2,4,14,1,9,2
"1083",3,2,4,15,1,5,2
"1084",3,2,4,16,1,10,2
"1085",3,2,4,17,1,17,2
"1086",3,2,5,18,1,15,2
"1087",3,2,5,19,1,22,2
"1088",3,2,5,20,1,13,2
"1089",3,2,5,21,1,12,2
"1090",3,2,5,22,1,14,2
"1091",3,2,5,23,1,25,2
"1092",3,2,5,24,1,16,2
"1093",3,2,5,25,1,11,2
"1094",3,2,6,26,1,6,2
"1095",3,2,6,27,1,3,2
"1096",3,2,6,28,1,15,2
"1097",3,2,6,29,1,19,2
"1098",3,2,6,30,1,2,2
"1099",3,2,6,31,1,10,2
"1100",3,2,7,32,1,10,2
"1101",3,2,7,33,1,22,2
"1102",3,2,7,34,1,30,2
"1103",3,2,8,35,1,13,2
"1104",3,2,8,36,1,13,2
"1105",3,2,8,37,1,5,2
"1106",3,2,8,38,1,3,2
"1107",3,2,8,39,1,4,2
"1108",3,2,9,40,1,4,2
"1109",3,2,9,41,1,13,2
"1110",3,2,9,42,1,23,2
"1111",3,2,9,43,1,30,2
"1112",3,2,9,44,1,18,2
"1113",3,2,9,45,1,20,2
"1114",3,2,9,46,1,7,2
"1115",3,2,10,47,1,19,2
"1116",3,2,10,48,1,6,2
"1117",3,2,10,49,1,4,2
"1118",3,2,10,50,1,14,2
"1119",3,3,11,51,1,60,2
"1120",3,3,11,52,1,15,2
"1121",3,3,11,53,1,24,2
"1122",3,3,11,54,1,37,2
"1123",3,3,11,55,1,46,2
"1124",3,3,12,56,1,30,2
"1125",3,3,12,57,1,36,2
"1126",3,3,12,58,1,28,2
"1127",3,3,12,59,1,18,2
"1128",3,3,12,60,1,27,2
"1129",3,3,12,61,1,50,2
"1130",3,3,12,62,1,22,2
"1131",3,3,13,63,1,19,2
"1132",3,3,13,64,1,44,2
"1133",3,3,13,65,1,31,2
"1134",3,3,13,66,1,20,2
"1135",3,3,13,67,1,33,2
"1136",3,3,13,68,1,14,2
"1137",3,3,14,69,1,29,2
"1138",3,3,14,70,1,58,2
"1139",3,3,14,71,1,23,2
"1140",3,3,14,72,1,53,2
"1141",3,3,14,73,1,28,2
"1142",3,3,14,74,1,44,2
"1143",3,3,14,75,1,43,2
"1144",3,3,15,76,1,19,2
"1145",3,3,15,77,1,37,2
"1146",3,3,15,78,1,14,2
"1147",3,3,16,79,1,16,2
"1148",3,3,16,80,1,34,2
"1149",3,3,16,81,1,31,2
"1150",3,4,17,82,1,31,2
"1151",3,4,17,83,1,92,2
"1152",3,4,17,84,1,49,2
"1153",3,4,17,85,1,13,2
"1154",3,4,17,86,1,83,2
"1155",3,4,17,87,1,58,2
"1156",3,4,18,88,1,15,2
"1157",3,4,18,89,1,10,2
"1158",3,4,18,90,1,7,2
"1159",3,4,18,91,1,13,2
"1160",3,4,18,92,1,31,1
"1161",3,4,18,93,1,21,1
"1162",3,4,18,94,1,28,1
"1163",3,4,19,95,1,7,1
"1164",3,4,19,96,1,11,1
"1165",3,4,19,97,1,10,1
"1166",3,4,19,98,1,4,1
"1167",3,4,19,99,1,5,1
"1168",3,4,19,100,1,15,1
"1169",3,4,19,101,1,4,1
"1170",3,4,19,102,1,5,1
"1171",3,4,20,103,1,2,1
"1172",3,4,20,104,1,13,1
"1173",3,4,20,105,1,9,1
"1174",3,4,20,106,1,14,1
"1175",3,4,20,107,1,9,1
"1176",3,4,20,108,1,22,1
"1177",3,4,20,109,1,12,1
"1178",3,4,20,110,1,16,1
"1179",3,4,20,111,1,9,1
"1180",3,4,20,112,1,3,1
"1181",3,4,20,113,1,5,1
"1182",3,4,21,114,1,38,1
"1183",3,4,21,115,1,19,1
"1184",3,4,21,116,1,18,1
"1185",3,4,21,117,1,14,1
"1186",3,4,21,118,1,37,1
"1187",3,4,21,119,1,24,1
"1188",3,4,21,120,1,22,1
"1189",3,4,22,121,1,68,1
"1190",3,4,22,122,1,64,1
"1191",3,4,22,123,1,66,1
"1192",3,4,22,124,1,45,1
"1193",3,4,22,125,1,61,1
"1194",3,4,23,126,1,41,1
"1195",3,4,23,127,1,15,1
"1196",3,4,23,128,1,11,1
"1197",3,4,23,129,1,10,1
"1198",3,4,23,130,1,22,1
"1199",3,4,23,131,1,9,1
"1200",3,4,24,132,1,26,1
"1201",3,4,24,133,1,42,1
"1202",3,4,24,134,1,27,1
"1203",3,4,24,135,1,30,1
"1204",3,4,24,136,1,23,1
"1205",3,4,24,137,1,3,1
"1206",3,5,25,138,1,12,1
"1207",3,5,25,139,1,17,1
"1208",3,5,25,140,1,13,1
"1209",3,5,25,141,1,9,1
"1210",3,5,25,142,1,24,1
"1211",3,5,25,143,1,11,1
"1212",3,5,25,144,1,19,1
"1213",3,5,26,145,1,0,1
"1214",3,5,26,146,1,3,1
"1215",3,5,26,147,1,6,1
"1216",3,5,26,148,1,8,1
"1217",3,5,26,149,1,32,1
"1218",3,5,26,150,1,18,1
"1219",3,5,26,151,1,1,1
"1220",3,5,26,152,1,3,1
"1221",3,5,27,153,1,7,1
"1222",3,5,27,154,1,12,1
"1223",3,5,27,155,1,24,1
"1224",3,5,27,156,1,15,1
"1225",3,5,27,157,1,2,1
"1226",3,5,28,158,1,11,1
"1227",3,5,28,159,1,19,1
"1228",3,5,28,160,1,37,1
"1229",3,5,28,161,1,32,1
"1230",3,5,28,162,1,44,1
"1231",3,5,28,163,1,22,1
"1232",3,5,28,164,1,22,1
"1233",3,5,29,165,1,31,1
"1234",3,5,29,166,1,27,1
"1235",3,5,29,167,1,17,1
"1236",3,5,29,168,1,17,1
"1237",3,5,29,169,1,22,1
"1238",3,5,29,170,1,30,1
"1239",3,5,30,171,1,32,1
"1240",3,5,30,172,1,29,1
"1241",3,5,30,173,1,24,1
"1242",3,5,30,174,1,11,1
"1243",3,5,30,175,1,10,1
"1244",3,5,31,176,1,1,1
"1245",3,5,31,177,1,9,1
"1246",3,5,31,178,1,10,1
"1247",3,5,31,179,1,1,1
"1248",3,5,31,180,1,2,1
"1249",3,5,31,181,1,4,1
"1250",3,5,31,182,1,2,1
"1251",3,5,31,183,1,8,3
"1252",3,5,31,184,1,18,3
"1253",3,5,31,185,1,15,3
"1254",3,5,32,186,1,14,3
"1255",3,5,32,187,1,27,3
"1256",3,5,32,188,1,28,3
"1257",3,5,32,189,1,13,3
"1258",3,5,32,190,1,11,3
"1259",3,5,32,191,1,2,3
"1260",3,5,33,192,1,58,3
"1261",3,5,33,193,1,41,3
"1262",3,5,33,194,1,31,3
"1263",3,5,33,195,1,41,3
"1264",3,5,33,196,1,25,3
"1265",3,5,33,197,1,27,3
"1266",3,5,34,198,1,33,3
"1267",3,5,34,199,1,36,3
"1268",3,5,34,200,1,48,3
"1269",3,5,34,201,1,23,3
"1270",3,5,34,202,1,38,3
"1271",3,6,35,203,1,8,3
"1272",3,6,35,204,1,14,3
"1273",3,6,35,205,1,18,3
"1274",3,6,35,206,1,14,3
"1275",3,6,35,207,1,11,3
"1276",3,6,35,208,1,16,3
"1277",3,6,36,209,1,26,3
"1278",3,6,36,210,1,32,3
"1279",3,6,36,211,1,31,3
"1280",3,6,36,212,1,16,3
"1281",3,6,36,213,1,39,3
"1282",3,6,36,214,1,39,3
"1283",3,6,36,215,1,21,3
"1284",3,6,37,216,1,20,3
"1285",3,6,37,217,1,13,3
"1286",3,6,37,218,1,5,3
"1287",3,6,37,219,1,16,3
"1288",3,6,37,220,1,14,3
"1289",3,6,37,221,1,36,3
"1290",3,6,37,222,1,27,3
"1291",3,6,37,223,1,17,3
"1292",3,6,38,224,1,26,3
"1293",3,6,38,225,1,31,3
"1294",3,6,38,226,1,15,3
"1295",3,6,38,227,1,53,3
"1296",3,6,38,228,1,25,3
"1297",3,6,38,229,1,27,3
"1298",3,6,38,230,1,35,3
"1299",3,6,39,231,1,28,3
"1300",3,6,39,232,1,40,3
"1301",3,6,39,233,1,43,3
"1302",3,6,39,234,1,31,3
"1303",3,6,39,235,1,31,3
"1304",3,6,40,236,1,62,3
"1305",3,6,40,237,1,20,3
"1306",3,6,40,238,1,104,3
"1307",3,6,40,239,1,43,3
"1308",3,6,40,240,1,110,3
"1309",3,6,40,241,1,26,3
"1310",3,6,40,242,1,50,3
"1311",3,6,41,243,1,35,3
"1312",3,6,41,244,1,41,3
"1313",3,6,41,245,1,48,3
"1314",3,6,41,246,1,53,3
"1315",3,6,41,247,1,12,3
"1316",3,6,41,248,1,20,3
"1317",3,6,41,249,1,28,3
"1318",3,6,42,250,1,24,3
"1319",3,6,42,251,1,26,3
"1320",3,6,42,252,1,40,3
"1321",3,6,42,253,1,24,3
"1322",3,6,42,254,1,27,3
"1323",3,6,43,255,1,37,3
"1324",3,6,43,256,1,26,3
"1325",3,6,43,257,1,49,3
"1326",3,6,43,258,1,10,3
"1327",3,6,43,259,1,24,3
"1328",3,6,44,260,1,23,3
"1329",3,6,44,261,1,16,3
"1330",3,6,44,262,1,21,3
"1331",3,6,44,263,1,27,3
"1332",3,6,44,264,1,34,3
"1333",3,6,44,265,1,25,3
"1334",3,6,44,266,1,45,3
"1335",3,6,44,267,1,18,3
"1336",3,1,1,1,2,2,2
"1337",3,1,1,2,2,2,2
"1338",3,1,1,3,2,1,2
"1339",3,1,2,4,2,2,2
"1340",3,1,2,5,2,2,2
"1341",3,1,2,6,2,3,2
"1342",3,2,3,7,2,3,2
"1343",3,2,3,8,2,11,2
"1344",3,2,3,9,2,11,2
"1345",3,2,3,10,2,16,2
"1346",3,2,3,11,2,7,2
"1347",3,2,3,12,2,4,2
"1348",3,2,4,13,2,2,2
"1349",3,2,4,14,2,7,2
"1350",3,2,4,15,2,9,2
"1351",3,2,4,16,2,7,2
"1352",3,2,4,17,2,18,2
"1353",3,2,5,18,2,14,2
"1354",3,2,5,19,2,26,2
"1355",3,2,5,20,2,19,2
"1356",3,2,5,21,2,13,2
"1357",3,2,5,22,2,9,2
"1358",3,2,5,23,2,22,2
"1359",3,2,5,24,2,24,2
"1360",3,2,5,25,2,18,2
"1361",3,2,6,26,2,9,2
"1362",3,2,6,27,2,1,2
"1363",3,2,6,28,2,27,2
"1364",3,2,6,29,2,21,2
"1365",3,2,6,30,2,1,2
"1366",3,2,6,31,2,7,2
"1367",3,2,7,32,2,15,2
"1368",3,2,7,33,2,26,2
"1369",3,2,7,34,2,35,2
"1370",3,2,8,35,2,16,2
"1371",3,2,8,36,2,15,2
"1372",3,2,8,37,2,5,2
"1373",3,2,8,38,2,1,2
"1374",3,2,8,39,2,5,2
"1375",3,2,9,40,2,4,2
"1376",3,2,9,41,2,8,2
"1377",3,2,9,42,2,24,2
"1378",3,2,9,43,2,26,2
"1379",3,2,9,44,2,27,2
"1380",3,2,9,45,2,12,2
"1381",3,2,9,46,2,6,2
"1382",3,2,10,47,2,25,2
"1383",3,2,10,48,2,9,2
"1384",3,2,10,49,2,7,2
"1385",3,2,10,50,2,27,2
"1386",3,3,11,51,2,75,2
"1387",3,3,11,52,2,16,2
"1388",3,3,11,53,2,33,2
"1389",3,3,11,54,2,46,2
"1390",3,3,11,55,2,56,2
"1391",3,3,12,56,2,33,2
"1392",3,3,12,57,2,36,2
"1393",3,3,12,58,2,16,2
"1394",3,3,12,59,2,21,2
"1395",3,3,12,60,2,38,2
"1396",3,3,12,61,2,49,2
"1397",3,3,12,62,2,26,2
"1398",3,3,13,63,2,23,2
"1399",3,3,13,64,2,34,2
"1400",3,3,13,65,2,31,2
"1401",3,3,13,66,2,18,2
"1402",3,3,13,67,2,35,2
"1403",3,3,13,68,2,27,2
"1404",3,3,14,69,2,38,2
"1405",3,3,14,70,2,49,2
"1406",3,3,14,71,2,27,2
"1407",3,3,14,72,2,57,2
"1408",3,3,14,73,2,26,2
"1409",3,3,14,74,2,42,2
"1410",3,3,14,75,2,57,2
"1411",3,3,15,76,2,23,2
"1412",3,3,15,77,2,45,2
"1413",3,3,15,78,2,18,2
"1414",3,3,16,79,2,23,2
"1415",3,3,16,80,2,50,2
"1416",3,3,16,81,2,52,2
"1417",3,4,17,82,2,42,2
"1418",3,4,17,83,2,66,2
"1419",3,4,17,84,2,64,2
"1420",3,4,17,85,2,16,2
"1421",3,4,17,86,2,94,2
"1422",3,4,17,87,2,66,2
"1423",3,4,18,88,2,13,2
"1424",3,4,18,89,2,14,2
"1425",3,4,18,90,2,30,2
"1426",3,4,18,91,2,20,2
"1427",3,4,18,92,2,36,1
"1428",3,4,18,93,2,27,1
"1429",3,4,18,94,2,34,1
"1430",3,4,19,95,2,6,1
"1431",3,4,19,96,2,8,1
"1432",3,4,19,97,2,10,1
"1433",3,4,19,98,2,4,1
"1434",3,4,19,99,2,7,1
"1435",3,4,19,100,2,11,1
"1436",3,4,19,101,2,5,1
"1437",3,4,19,102,2,7,1
"1438",3,4,20,103,2,2,1
"1439",3,4,20,104,2,9,1
"1440",3,4,20,105,2,19,1
"1441",3,4,20,106,2,11,1
"1442",3,4,20,107,2,11,1
"1443",3,4,20,108,2,19,1
"1444",3,4,20,109,2,13,1
"1445",3,4,20,110,2,16,1
"1446",3,4,20,111,2,18,1
"1447",3,4,20,112,2,3,1
"1448",3,4,20,113,2,7,1
"1449",3,4,21,114,2,45,1
"1450",3,4,21,115,2,25,1
"1451",3,4,21,116,2,35,1
"1452",3,4,21,117,2,16,1
"1453",3,4,21,118,2,55,1
"1454",3,4,21,119,2,30,1
"1455",3,4,21,120,2,27,1
"1456",3,4,22,121,2,68,1
"1457",3,4,22,122,2,66,1
"1458",3,4,22,123,2,61,1
"1459",3,4,22,124,2,43,1
"1460",3,4,22,125,2,59,1
"1461",3,4,23,126,2,47,1
"1462",3,4,23,127,2,16,1
"1463",3,4,23,128,2,14,1
"1464",3,4,23,129,2,24,1
"1465",3,4,23,130,2,26,1
"1466",3,4,23,131,2,16,1
"1467",3,4,24,132,2,39,1
"1468",3,4,24,133,2,55,1
"1469",3,4,24,134,2,34,1
"1470",3,4,24,135,2,38,1
"1471",3,4,24,136,2,37,1
"1472",3,4,24,137,2,12,1
"1473",3,5,25,138,2,11,1
"1474",3,5,25,139,2,15,1
"1475",3,5,25,140,2,15,1
"1476",3,5,25,141,2,19,1
"1477",3,5,25,142,2,20,1
"1478",3,5,25,143,2,8,1
"1479",3,5,25,144,2,20,1
"1480",3,5,26,145,2,0,1
"1481",3,5,26,146,2,3,1
"1482",3,5,26,147,2,14,1
"1483",3,5,26,148,2,4,1
"1484",3,5,26,149,2,28,1
"1485",3,5,26,150,2,17,1
"1486",3,5,26,151,2,1,1
"1487",3,5,26,152,2,5,1
"1488",3,5,27,153,2,15,1
"1489",3,5,27,154,2,24,1
"1490",3,5,27,155,2,24,1
"1491",3,5,27,156,2,13,1
"1492",3,5,27,157,2,5,1
"1493",3,5,28,158,2,14,1
"1494",3,5,28,159,2,18,1
"1495",3,5,28,160,2,14,1
"1496",3,5,28,161,2,30,1
"1497",3,5,28,162,2,48,1
"1498",3,5,28,163,2,31,1
"1499",3,5,28,164,2,32,1
"1500",3,5,29,165,2,36,1
"1501",3,5,29,166,2,34,1
"1502",3,5,29,167,2,35,1
"1503",3,5,29,168,2,20,1
"1504",3,5,29,169,2,35,1
"1505",3,5,29,170,2,40,1
"1506",3,5,30,171,2,31,1
"1507",3,5,30,172,2,33,1
"1508",3,5,30,173,2,39,1
"1509",3,5,30,174,2,16,1
"1510",3,5,30,175,2,16,1
"1511",3,5,31,176,2,2,1
"1512",3,5,31,177,2,11,1
"1513",3,5,31,178,2,20,1
"1514",3,5,31,179,2,1,1
"1515",3,5,31,180,2,11,1
"1516",3,5,31,181,2,4,1
"1517",3,5,31,182,2,2,1
"1518",3,5,31,183,2,10,3
"1519",3,5,31,184,2,23,3
"1520",3,5,31,185,2,30,3
"1521",3,5,32,186,2,16,3
"1522",3,5,32,187,2,30,3
"1523",3,5,32,188,2,27,3
"1524",3,5,32,189,2,23,3
"1525",3,5,32,190,2,17,3
"1526",3,5,32,191,2,6,3
"1527",3,5,33,192,2,56,3
"1528",3,5,33,193,2,54,3
"1529",3,5,33,194,2,23,3
"1530",3,5,33,195,2,38,3
"1531",3,5,33,196,2,25,3
"1532",3,5,33,197,2,35,3
"1533",3,5,34,198,2,31,3
"1534",3,5,34,199,2,43,3
"1535",3,5,34,200,2,58,3
"1536",3,5,34,201,2,23,3
"1537",3,5,34,202,2,34,3
"1538",3,6,35,203,2,19,3
"1539",3,6,35,204,2,26,3
"1540",3,6,35,205,2,22,3
"1541",3,6,35,206,2,19,3
"1542",3,6,35,207,2,9,3
"1543",3,6,35,208,2,23,3
"1544",3,6,36,209,2,28,3
"1545",3,6,36,210,2,34,3
"1546",3,6,36,211,2,36,3
"1547",3,6,36,212,2,16,3
"1548",3,6,36,213,2,35,3
"1549",3,6,36,214,2,44,3
"1550",3,6,36,215,2,25,3
"1551",3,6,37,216,2,23,3
"1552",3,6,37,217,2,17,3
"1553",3,6,37,218,2,3,3
"1554",3,6,37,219,2,18,3
"1555",3,6,37,220,2,17,3
"1556",3,6,37,221,2,36,3
"1557",3,6,37,222,2,30,3
"1558",3,6,37,223,2,17,3
"1559",3,6,38,224,2,17,3
"1560",3,6,38,225,2,42,3
"1561",3,6,38,226,2,16,3
"1562",3,6,38,227,2,52,3
"1563",3,6,38,228,2,21,3
"1564",3,6,38,229,2,41,3
"1565",3,6,38,230,2,38,3
"1566",3,6,39,231,2,40,3
"1567",3,6,39,232,2,40,3
"1568",3,6,39,233,2,56,3
"1569",3,6,39,234,2,39,3
"1570",3,6,39,235,2,32,3
"1571",3,6,40,236,2,66,3
"1572",3,6,40,237,2,27,3
"1573",3,6,40,238,2,79,3
"1574",3,6,40,239,2,55,3
"1575",3,6,40,240,2,107,3
"1576",3,6,40,241,2,29,3
"1577",3,6,40,242,2,36,3
"1578",3,6,41,243,2,41,3
"1579",3,6,41,244,2,51,3
"1580",3,6,41,245,2,60,3
"1581",3,6,41,246,2,66,3
"1582",3,6,41,247,2,20,3
"1583",3,6,41,248,2,21,3
"1584",3,6,41,249,2,34,3
"1585",3,6,42,250,2,27,3
"1586",3,6,42,251,2,24,3
"1587",3,6,42,252,2,33,3
"1588",3,6,42,253,2,23,3
"1589",3,6,42,254,2,33,3
"1590",3,6,43,255,2,44,3
"1591",3,6,43,256,2,53,3
"1592",3,6,43,257,2,51,3
"1593",3,6,43,258,2,12,3
"1594",3,6,43,259,2,30,3
"1595",3,6,44,260,2,24,3
"1596",3,6,44,261,2,28,3
"1597",3,6,44,262,2,23,3
"1598",3,6,44,263,2,27,3
"1599",3,6,44,264,2,40,3
"1600",3,6,44,265,2,31,3
"1601",3,6,44,266,2,48,3
"1602",3,6,44,267,2,18,3
"1603",4,1,1,1,1,3,2
"1604",4,1,1,2,1,4,2
"1605",4,1,1,3,1,4,2
"1606",4,1,2,4,1,0,2
"1607",4,1,2,5,1,0,2
"1608",4,1,2,6,1,3,2
"1609",4,2,3,7,1,5,2
"1610",4,2,3,8,1,11,2
"1611",4,2,3,9,1,7,2
"1612",4,2,3,10,1,16,2
"1613",4,2,3,11,1,6,2
"1614",4,2,3,12,1,6,2
"1615",4,2,4,13,1,3,2
"1616",4,2,4,14,1,3,2
"1617",4,2,4,15,1,6,2
"1618",4,2,4,16,1,10,2
"1619",4,2,4,17,1,18,2
"1620",4,2,5,18,1,8,2
"1621",4,2,5,19,1,26,2
"1622",4,2,5,20,1,14,2
"1623",4,2,5,21,1,13,2
"1624",4,2,5,22,1,7,2
"1625",4,2,5,23,1,13,2
"1626",4,2,5,24,1,6,2
"1627",4,2,5,25,1,19,2
"1628",4,2,6,26,1,7,2
"1629",4,2,6,27,1,13,2
"1630",4,2,6,28,1,16,2
"1631",4,2,6,29,1,21,2
"1632",4,2,6,30,1,15,2
"1633",4,2,6,31,1,14,2
"1634",4,2,7,32,1,11,2
"1635",4,2,7,33,1,13,2
"1636",4,2,7,34,1,15,2
"1637",4,2,8,35,1,11,2
"1638",4,2,8,36,1,13,2
"1639",4,2,8,37,1,6,2
"1640",4,2,8,38,1,3,2
"1641",4,2,8,39,1,10,2
"1642",4,2,9,40,1,1,2
"1643",4,2,9,41,1,11,2
"1644",4,2,9,42,1,11,2
"1645",4,2,9,43,1,21,2
"1646",4,2,9,44,1,21,2
"1647",4,2,9,45,1,12,2
"1648",4,2,9,46,1,4,2
"1649",4,2,10,47,1,27,2
"1650",4,2,10,48,1,9,2
"1651",4,2,10,49,1,2,2
"1652",4,2,10,50,1,10,2
"1653",4,3,11,51,1,64,2
"1654",4,3,11,52,1,22,2
"1655",4,3,11,53,1,37,2
"1656",4,3,11,54,1,34,2
"1657",4,3,11,55,1,28,2
"1658",4,3,12,56,1,24,2
"1659",4,3,12,57,1,44,2
"1660",4,3,12,58,1,18,2
"1661",4,3,12,59,1,22,2
"1662",4,3,12,60,1,37,2
"1663",4,3,12,61,1,31,2
"1664",4,3,12,62,1,18,2
"1665",4,3,13,63,1,14,2
"1666",4,3,13,64,1,35,2
"1667",4,3,13,65,1,28,2
"1668",4,3,13,66,1,11,2
"1669",4,3,13,67,1,36,2
"1670",4,3,13,68,1,25,2
"1671",4,3,14,69,1,36,2
"1672",4,3,14,70,1,43,2
"1673",4,3,14,71,1,19,2
"1674",4,3,14,72,1,40,2
"1675",4,3,14,73,1,24,2
"1676",4,3,14,74,1,35,2
"1677",4,3,14,75,1,33,2
"1678",4,3,15,76,1,33,2
"1679",4,3,15,77,1,28,2
"1680",4,3,15,78,1,24,2
"1681",4,3,16,79,1,4,2
"1682",4,3,16,80,1,28,2
"1683",4,3,16,81,1,26,2
"1684",4,4,17,82,1,28,2
"1685",4,4,17,83,1,70,2
"1686",4,4,17,84,1,42,2
"1687",4,4,17,85,1,33,2
"1688",4,4,17,86,1,71,2
"1689",4,4,17,87,1,66,2
"1690",4,4,18,88,1,8,2
"1691",4,4,18,89,1,5,2
"1692",4,4,18,90,1,14,2
"1693",4,4,18,91,1,11,2
"1694",4,4,18,92,1,24,1
"1695",4,4,18,93,1,23,1
"1696",4,4,18,94,1,20,1
"1697",4,4,19,95,1,5,1
"1698",4,4,19,96,1,11,1
"1699",4,4,19,97,1,10,1
"1700",4,4,19,98,1,1,1
"1701",4,4,19,99,1,1,1
"1702",4,4,19,100,1,12,1
"1703",4,4,19,101,1,3,1
"1704",4,4,19,102,1,3,1
"1705",4,4,20,103,1,6,1
"1706",4,4,20,104,1,11,1
"1707",4,4,20,105,1,7,1
"1708",4,4,20,106,1,11,1
"1709",4,4,20,107,1,7,1
"1710",4,4,20,108,1,18,1
"1711",4,4,20,109,1,17,1
"1712",4,4,20,110,1,12,1
"1713",4,4,20,111,1,5,1
"1714",4,4,20,112,1,1,1
"1715",4,4,20,113,1,7,1
"1716",4,4,21,114,1,27,1
"1717",4,4,21,115,1,20,1
"1718",4,4,21,116,1,16,1
"1719",4,4,21,117,1,13,1
"1720",4,4,21,118,1,30,1
"1721",4,4,21,119,1,28,1
"1722",4,4,21,120,1,18,1
"1723",4,4,22,121,1,61,1
"1724",4,4,22,122,1,54,1
"1725",4,4,22,123,1,60,1
"1726",4,4,22,124,1,39,1
"1727",4,4,22,125,1,55,1
"1728",4,4,23,126,1,24,1
"1729",4,4,23,127,1,7,1
"1730",4,4,23,128,1,19,1
"1731",4,4,23,129,1,10,1
"1732",4,4,23,130,1,10,1
"1733",4,4,23,131,1,9,1
"1734",4,4,24,132,1,33,1
"1735",4,4,24,133,1,23,1
"1736",4,4,24,134,1,19,1
"1737",4,4,24,135,1,29,1
"1738",4,4,24,136,1,42,1
"1739",4,4,24,137,1,20,1
"1740",4,5,25,138,1,15,1
"1741",4,5,25,139,1,13,1
"1742",4,5,25,140,1,13,1
"1743",4,5,25,141,1,8,1
"1744",4,5,25,142,1,17,1
"1745",4,5,25,143,1,9,1
"1746",4,5,25,144,1,17,1
"1747",4,5,26,145,1,10,1
"1748",4,5,26,146,1,1,1
"1749",4,5,26,147,1,5,1
"1750",4,5,26,148,1,8,1
"1751",4,5,26,149,1,20,1
"1752",4,5,26,150,1,18,1
"1753",4,5,26,151,1,5,1
"1754",4,5,26,152,1,4,1
"1755",4,5,27,153,1,8,1
"1756",4,5,27,154,1,9,1
"1757",4,5,27,155,1,21,1
"1758",4,5,27,156,1,12,1
"1759",4,5,27,157,1,6,1
"1760",4,5,28,158,1,22,1
"1761",4,5,28,159,1,18,1
"1762",4,5,28,160,1,45,1
"1763",4,5,28,161,1,35,1
"1764",4,5,28,162,1,45,1
"1765",4,5,28,163,1,26,1
"1766",4,5,28,164,1,30,1
"1767",4,5,29,165,1,31,1
"1768",4,5,29,166,1,39,1
"1769",4,5,29,167,1,26,1
"1770",4,5,29,168,1,20,1
"1771",4,5,29,169,1,14,1
"1772",4,5,29,170,1,24,1
"1773",4,5,30,171,1,29,1
"1774",4,5,30,172,1,22,1
"1775",4,5,30,173,1,30,1
"1776",4,5,30,174,1,7,1
"1777",4,5,30,175,1,7,1
"1778",4,5,31,176,1,3,1
"1779",4,5,31,177,1,9,1
"1780",4,5,31,178,1,6,1
"1781",4,5,31,179,1,1,1
"1782",4,5,31,180,1,1,1
"1783",4,5,31,181,1,2,1
"1784",4,5,31,182,1,8,1
"1785",4,5,31,183,1,4,1
"1786",4,5,31,184,1,22,3
"1787",4,5,31,185,1,19,3
"1788",4,5,32,186,1,1,3
"1789",4,5,32,187,1,31,3
"1790",4,5,32,188,1,22,3
"1791",4,5,32,189,1,15,3
"1792",4,5,32,190,1,15,3
"1793",4,5,32,191,1,8,3
"1794",4,5,33,192,1,43,3
"1795",4,5,33,193,1,41,3
"1796",4,5,33,194,1,28,3
"1797",4,5,33,195,1,24,3
"1798",4,5,33,196,1,15,3
"1799",4,5,33,197,1,24,3
"1800",4,5,34,198,1,11,3
"1801",4,5,34,199,1,31,3
"1802",4,5,34,200,1,27,3
"1803",4,5,34,201,1,37,3
"1804",4,5,34,202,1,28,3
"1805",4,6,35,203,1,10,3
"1806",4,6,35,204,1,18,3
"1807",4,6,35,205,1,8,3
"1808",4,6,35,206,1,11,3
"1809",4,6,35,207,1,14,3
"1810",4,6,35,208,1,9,3
"1811",4,6,36,209,1,22,3
"1812",4,6,36,210,1,18,3
"1813",4,6,36,211,1,9,3
"1814",4,6,36,212,1,12,3
"1815",4,6,36,213,1,16,3
"1816",4,6,36,214,1,24,3
"1817",4,6,36,215,1,13,3
"1818",4,6,37,216,1,9,3
"1819",4,6,37,217,1,27,3
"1820",4,6,37,218,1,3,3
"1821",4,6,37,219,1,4,3
"1822",4,6,37,220,1,9,3
"1823",4,6,37,221,1,27,3
"1824",4,6,37,222,1,27,3
"1825",4,6,37,223,1,31,3
"1826",4,6,38,224,1,34,3
"1827",4,6,38,225,1,24,3
"1828",4,6,38,226,1,13,3
"1829",4,6,38,227,1,21,3
"1830",4,6,38,228,1,30,3
"1831",4,6,38,229,1,31,3
"1832",4,6,38,230,1,23,3
"1833",4,6,39,231,1,31,3
"1834",4,6,39,232,1,20,3
"1835",4,6,39,233,1,37,3
"1836",4,6,39,234,1,28,3
"1837",4,6,39,235,1,53,3
"1838",4,6,40,236,1,39,3
"1839",4,6,40,237,1,22,3
"1840",4,6,40,238,1,70,3
"1841",4,6,40,239,1,65,3
"1842",4,6,40,240,1,73,3
"1843",4,6,40,241,1,25,3
"1844",4,6,40,242,1,49,3
"1845",4,6,41,243,1,25,3
"1846",4,6,41,244,1,26,3
"1847",4,6,41,245,1,50,3
"1848",4,6,41,246,1,62,3
"1849",4,6,41,247,1,17,3
"1850",4,6,41,248,1,16,3
"1851",4,6,41,249,1,26,3
"1852",4,6,42,250,1,21,3
"1853",4,6,42,251,1,34,3
"1854",4,6,42,252,1,35,3
"1855",4,6,42,253,1,32,3
"1856",4,6,42,254,1,29,3
"1857",4,6,43,255,1,55,3
"1858",4,6,43,256,1,36,3
"1859",4,6,43,257,1,39,3
"1860",4,6,43,258,1,20,3
"1861",4,6,43,259,1,34,3
"1862",4,6,44,260,1,16,3
"1863",4,6,44,261,1,23,3
"1864",4,6,44,262,1,30,3
"1865",4,6,44,263,1,15,3
"1866",4,6,44,264,1,20,3
"1867",4,6,44,265,1,17,3
"1868",4,6,44,266,1,47,3
"1869",4,6,44,267,1,9,3
"1870",4,1,1,1,2,2,2
"1871",4,1,1,2,2,7,2
"1872",4,1,1,3,2,4,2
"1873",4,1,2,4,2,3,2
"1874",4,1,2,5,2,1,2
"1875",4,1,2,6,2,4,2
"1876",4,2,3,7,2,5,2
"1877",4,2,3,8,2,10,2
"1878",4,2,3,9,2,13,2
"1879",4,2,3,10,2,29,2
"1880",4,2,3,11,2,5,2
"1881",4,2,3,12,2,15,2
"1882",4,2,4,13,2,8,2
"1883",4,2,4,14,2,7,2
"1884",4,2,4,15,2,7,2
"1885",4,2,4,16,2,11,2
"1886",4,2,4,17,2,16,2
"1887",4,2,5,18,2,11,2
"1888",4,2,5,19,2,24,2
"1889",4,2,5,20,2,12,2
"1890",4,2,5,21,2,20,2
"1891",4,2,5,22,2,2,2
"1892",4,2,5,23,2,17,2
"1893",4,2,5,24,2,16,2
"1894",4,2,5,25,2,13,2
"1895",4,2,6,26,2,11,2
"1896",4,2,6,27,2,10,2
"1897",4,2,6,28,2,20,2
"1898",4,2,6,29,2,27,2
"1899",4,2,6,30,2,12,2
"1900",4,2,6,31,2,15,2
"1901",4,2,7,32,2,14,2
"1902",4,2,7,33,2,16,2
"1903",4,2,7,34,2,21,2
"1904",4,2,8,35,2,13,2
"1905",4,2,8,36,2,21,2
"1906",4,2,8,37,2,3,2
"1907",4,2,8,38,2,1,2
"1908",4,2,8,39,2,7,2
"1909",4,2,9,40,2,0,2
"1910",4,2,9,41,2,13,2
"1911",4,2,9,42,2,8,2
"1912",4,2,9,43,2,12,2
"1913",4,2,9,44,2,32,2
"1914",4,2,9,45,2,26,2
"1915",4,2,9,46,2,3,2
"1916",4,2,10,47,2,27,2
"1917",4,2,10,48,2,13,2
"1918",4,2,10,49,2,2,2
"1919",4,2,10,50,2,12,2
"1920",4,3,11,51,2,48,2
"1921",4,3,11,52,2,17,2
"1922",4,3,11,53,2,38,2
"1923",4,3,11,54,2,46,2
"1924",4,3,11,55,2,29,2
"1925",4,3,12,56,2,32,2
"1926",4,3,12,57,2,39,2
"1927",4,3,12,58,2,23,2
"1928",4,3,12,59,2,29,2
"1929",4,3,12,60,2,31,2
"1930",4,3,12,61,2,36,2
"1931",4,3,12,62,2,23,2
"1932",4,3,13,63,2,11,2
"1933",4,3,13,64,2,25,2
"1934",4,3,13,65,2,32,2
"1935",4,3,13,66,2,16,2
"1936",4,3,13,67,2,28,2
"1937",4,3,13,68,2,20,2
"1938",4,3,14,69,2,35,2
"1939",4,3,14,70,2,44,2
"1940",4,3,14,71,2,22,2
"1941",4,3,14,72,2,37,2
"1942",4,3,14,73,2,18,2
"1943",4,3,14,74,2,27,2
"1944",4,3,14,75,2,36,2
"1945",4,3,15,76,2,39,2
"1946",4,3,15,77,2,34,2
"1947",4,3,15,78,2,22,2
"1948",4,3,16,79,2,10,2
"1949",4,3,16,80,2,36,2
"1950",4,3,16,81,2,29,2
"1951",4,4,17,82,2,31,2
"1952",4,4,17,83,2,61,2
"1953",4,4,17,84,2,38,2
"1954",4,4,17,85,2,33,2
"1955",4,4,17,86,2,75,2
"1956",4,4,17,87,2,78,2
"1957",4,4,18,88,2,13,2
"1958",4,4,18,89,2,3,2
"1959",4,4,18,90,2,13,2
"1960",4,4,18,91,2,18,2
"1961",4,4,18,92,2,26,1
"1962",4,4,18,93,2,27,1
"1963",4,4,18,94,2,26,1
"1964",4,4,19,95,2,8,1
"1965",4,4,19,96,2,14,1
"1966",4,4,19,97,2,13,1
"1967",4,4,19,98,2,0,1
"1968",4,4,19,99,2,2,1
"1969",4,4,19,100,2,14,1
"1970",4,4,19,101,2,2,1
"1971",4,4,19,102,2,4,1
"1972",4,4,20,103,2,5,1
"1973",4,4,20,104,2,13,1
"1974",4,4,20,105,2,5,1
"1975",4,4,20,106,2,17,1
"1976",4,4,20,107,2,14,1
"1977",4,4,20,108,2,19,1
"1978",4,4,20,109,2,18,1
"1979",4,4,20,110,2,9,1
"1980",4,4,20,111,2,13,1
"1981",4,4,20,112,2,0,1
"1982",4,4,20,113,2,4,1
"1983",4,4,21,114,2,33,1
"1984",4,4,21,115,2,18,1
"1985",4,4,21,116,2,19,1
"1986",4,4,21,117,2,20,1
"1987",4,4,21,118,2,38,1
"1988",4,4,21,119,2,28,1
"1989",4,4,21,120,2,23,1
"1990",4,4,22,121,2,61,1
"1991",4,4,22,122,2,59,1
"1992",4,4,22,123,2,62,1
"1993",4,4,22,124,2,56,1
"1994",4,4,22,125,2,59,1
"1995",4,4,23,126,2,37,1
"1996",4,4,23,127,2,6,1
"1997",4,4,23,128,2,27,1
"1998",4,4,23,129,2,14,1
"1999",4,4,23,130,2,10,1
"2000",4,4,23,131,2,17,1
"2001",4,4,24,132,2,43,1
"2002",4,4,24,133,2,20,1
"2003",4,4,24,134,2,22,1
"2004",4,4,24,135,2,31,1
"2005",4,4,24,136,2,39,1
"2006",4,4,24,137,2,22,1
"2007",4,5,25,138,2,7,1
"2008",4,5,25,139,2,20,1
"2009",4,5,25,140,2,21,1
"2010",4,5,25,141,2,15,1
"2011",4,5,25,142,2,23,1
"2012",4,5,25,143,2,14,1
"2013",4,5,25,144,2,19,1
"2014",4,5,26,145,2,4,1
"2015",4,5,26,146,2,1,1
"2016",4,5,26,147,2,5,1
"2017",4,5,26,148,2,10,1
"2018",4,5,26,149,2,19,1
"2019",4,5,26,150,2,19,1
"2020",4,5,26,151,2,1,1
"2021",4,5,26,152,2,5,1
"2022",4,5,27,153,2,11,1
"2023",4,5,27,154,2,10,1
"2024",4,5,27,155,2,22,1
"2025",4,5,27,156,2,12,1
"2026",4,5,27,157,2,5,1
"2027",4,5,28,158,2,19,1
"2028",4,5,28,159,2,19,1
"2029",4,5,28,160,2,26,1
"2030",4,5,28,161,2,50,1
"2031",4,5,28,162,2,51,1
"2032",4,5,28,163,2,21,1
"2033",4,5,28,164,2,39,1
"2034",4,5,29,165,2,31,1
"2035",4,5,29,166,2,41,1
"2036",4,5,29,167,2,39,1
"2037",4,5,29,168,2,27,1
"2038",4,5,29,169,2,17,1
"2039",4,5,29,170,2,28,1
"2040",4,5,30,171,2,35,1
"2041",4,5,30,172,2,21,1
"2042",4,5,30,173,2,35,1
"2043",4,5,30,174,2,11,1
"2044",4,5,30,175,2,15,1
"2045",4,5,31,176,2,1,1
"2046",4,5,31,177,2,6,1
"2047",4,5,31,178,2,7,1
"2048",4,5,31,179,2,2,1
"2049",4,5,31,180,2,3,1
"2050",4,5,31,181,2,0,1
"2051",4,5,31,182,2,5,1
"2052",4,5,31,183,2,2,1
"2053",4,5,31,184,2,15,3
"2054",4,5,31,185,2,26,3
"2055",4,5,32,186,2,4,3
"2056",4,5,32,187,2,21,3
"2057",4,5,32,188,2,24,3
"2058",4,5,32,189,2,14,3
"2059",4,5,32,190,2,16,3
"2060",4,5,32,191,2,7,3
"2061",4,5,33,192,2,42,3
"2062",4,5,33,193,2,38,3
"2063",4,5,33,194,2,35,3
"2064",4,5,33,195,2,30,3
"2065",4,5,33,196,2,27,3
"2066",4,5,33,197,2,24,3
"2067",4,5,34,198,2,26,3
"2068",4,5,34,199,2,32,3
"2069",4,5,34,200,2,27,3
"2070",4,5,34,201,2,45,3
"2071",4,5,34,202,2,37,3
"2072",4,6,35,203,2,18,3
"2073",4,6,35,204,2,24,3
"2074",4,6,35,205,2,12,3
"2075",4,6,35,206,2,10,3
"2076",4,6,35,207,2,14,3
"2077",4,6,35,208,2,9,3
"2078",4,6,36,209,2,37,3
"2079",4,6,36,210,2,22,3
"2080",4,6,36,211,2,26,3
"2081",4,6,36,212,2,10,3
"2082",4,6,36,213,2,17,3
"2083",4,6,36,214,2,24,3
"2084",4,6,36,215,2,22,3
"2085",4,6,37,216,2,6,3
"2086",4,6,37,217,2,30,3
"2087",4,6,37,218,2,2,3
"2088",4,6,37,219,2,5,3
"2089",4,6,37,220,2,15,3
"2090",4,6,37,221,2,28,3
"2091",4,6,37,222,2,34,3
"2092",4,6,37,223,2,31,3
"2093",4,6,38,224,2,23,3
"2094",4,6,38,225,2,39,3
"2095",4,6,38,226,2,10,3
"2096",4,6,38,227,2,23,3
"2097",4,6,38,228,2,16,3
"2098",4,6,38,229,2,30,3
"2099",4,6,38,230,2,31,3
"2100",4,6,39,231,2,42,3
"2101",4,6,39,232,2,25,3
"2102",4,6,39,233,2,30,3
"2103",4,6,39,234,2,31,3
"2104",4,6,39,235,2,38,3
"2105",4,6,40,236,2,54,3
"2106",4,6,40,237,2,18,3
"2107",4,6,40,238,2,72,3
"2108",4,6,40,239,2,60,3
"2109",4,6,40,240,2,92,3
"2110",4,6,40,241,2,30,3
"2111",4,6,40,242,2,46,3
"2112",4,6,41,243,2,38,3
"2113",4,6,41,244,2,35,3
"2114",4,6,41,245,2,66,3
"2115",4,6,41,246,2,58,3
"2116",4,6,41,247,2,15,3
"2117",4,6,41,248,2,17,3
"2118",4,6,41,249,2,27,3
"2119",4,6,42,250,2,27,3
"2120",4,6,42,251,2,37,3
"2121",4,6,42,252,2,36,3
"2122",4,6,42,253,2,37,3
"2123",4,6,42,254,2,29,3
"2124",4,6,43,255,2,56,3
"2125",4,6,43,256,2,52,3
"2126",4,6,43,257,2,31,3
"2127",4,6,43,258,2,35,3
"2128",4,6,43,259,2,40,3
"2129",4,6,44,260,2,14,3
"2130",4,6,44,261,2,17,3
"2131",4,6,44,262,2,24,3
"2132",4,6,44,263,2,20,3
"2133",4,6,44,264,2,18,3
"2134",4,6,44,265,2,13,3
"2135",4,6,44,266,2,52,3
"2136",4,6,44,267,2,12,3
"2137",5,1,1,1,1,0,2
"2138",5,1,1,2,1,1,2
"2139",5,1,1,3,1,1,2
"2140",5,1,2,4,1,4,2
"2141",5,1,2,5,1,0,2
"2142",5,1,2,6,1,0,2
"2143",5,2,3,7,1,1,2
"2144",5,2,3,8,1,3,2
"2145",5,2,3,9,1,6,2
"2146",5,2,3,10,1,3,2
"2147",5,2,3,11,1,2,2
"2148",5,2,3,12,1,2,2
"2149",5,2,4,13,1,0,2
"2150",5,2,4,14,1,3,2
"2151",5,2,4,15,1,3,2
"2152",5,2,4,16,1,2,2
"2153",5,2,4,17,1,9,2
"2154",5,2,5,18,1,5,2
"2155",5,2,5,19,1,13,2
"2156",5,2,5,20,1,2,2
"2157",5,2,5,21,1,7,2
"2158",5,2,5,22,1,5,2
"2159",5,2,5,23,1,13,2
"2160",5,2,5,24,1,4,2
"2161",5,2,5,25,1,6,2
"2162",5,2,6,26,1,3,2
"2163",5,2,6,27,1,4,2
"2164",5,2,6,28,1,9,2
"2165",5,2,6,29,1,19,2
"2166",5,2,6,30,1,4,2
"2167",5,2,6,31,1,7,2
"2168",5,2,7,32,1,7,2
"2169",5,2,7,33,1,8,2
"2170",5,2,7,34,1,10,2
"2171",5,2,8,35,1,5,2
"2172",5,2,8,36,1,7,2
"2173",5,2,8,37,1,3,2
"2174",5,2,8,38,1,0,2
"2175",5,2,8,39,1,7,2
"2176",5,2,9,40,1,0,2
"2177",5,2,9,41,1,6,2
"2178",5,2,9,42,1,9,2
"2179",5,2,9,43,1,15,2
"2180",5,2,9,44,1,7,2
"2181",5,2,9,45,1,8,2
"2182",5,2,9,46,1,1,2
"2183",5,2,10,47,1,8,2
"2184",5,2,10,48,1,8,2
"2185",5,2,10,49,1,2,2
"2186",5,2,10,50,1,5,2
"2187",5,3,11,51,1,32,2
"2188",5,3,11,52,1,7,2
"2189",5,3,11,53,1,14,2
"2190",5,3,11,54,1,27,2
"2191",5,3,11,55,1,22,2
"2192",5,3,12,56,1,14,2
"2193",5,3,12,57,1,25,2
"2194",5,3,12,58,1,17,2
"2195",5,3,12,59,1,5,2
"2196",5,3,12,60,1,10,2
"2197",5,3,12,61,1,11,2
"2198",5,3,12,62,1,15,2
"2199",5,3,13,63,1,9,2
"2200",5,3,13,64,1,28,2
"2201",5,3,13,65,1,11,2
"2202",5,3,13,66,1,10,2
"2203",5,3,13,67,1,26,2
"2204",5,3,13,68,1,18,2
"2205",5,3,14,69,1,14,2
"2206",5,3,14,70,1,38,2
"2207",5,3,14,71,1,15,2
"2208",5,3,14,72,1,21,2
"2209",5,3,14,73,1,18,2
"2210",5,3,14,74,1,23,2
"2211",5,3,14,75,1,13,2
"2212",5,3,15,76,1,13,2
"2213",5,3,15,77,1,28,2
"2214",5,3,15,78,1,13,2
"2215",5,3,16,79,1,10,2
"2216",5,3,16,80,1,21,2
"2217",5,3,16,81,1,23,2
"2218",5,4,17,82,1,22,2
"2219",5,4,17,83,1,39,2
"2220",5,4,17,84,1,33,2
"2221",5,4,17,85,1,13,2
"2222",5,4,17,86,1,67,2
"2223",5,4,17,87,1,32,2
"2224",5,4,18,88,1,7,2
"2225",5,4,18,89,1,4,2
"2226",5,4,18,90,1,10,2
"2227",5,4,18,91,1,8,2
"2228",5,4,18,92,1,15,1
"2229",5,4,18,93,1,11,1
"2230",5,4,18,94,1,8,1
"2231",5,4,19,95,1,10,1
"2232",5,4,19,96,1,11,1
"2233",5,4,19,97,1,4,1
"2234",5,4,19,98,1,1,1
"2235",5,4,19,99,1,1,1
"2236",5,4,19,100,1,3,1
"2237",5,4,19,101,1,0,1
"2238",5,4,19,102,1,6,1
"2239",5,4,20,103,1,1,1
"2240",5,4,20,104,1,7,1
"2241",5,4,20,105,1,2,1
"2242",5,4,20,106,1,4,1
"2243",5,4,20,107,1,2,1
"2244",5,4,20,108,1,12,1
"2245",5,4,20,109,1,6,1
"2246",5,4,20,110,1,10,1
"2247",5,4,20,111,1,8,1
"2248",5,4,20,112,1,1,1
"2249",5,4,20,113,1,2,1
"2250",5,4,21,114,1,20,1
"2251",5,4,21,115,1,25,1
"2252",5,4,21,116,1,12,1
"2253",5,4,21,117,1,12,1
"2254",5,4,21,118,1,27,1
"2255",5,4,21,119,1,16,1
"2256",5,4,21,120,1,8,1
"2257",5,4,22,121,1,25,1
"2258",5,4,22,122,1,23,1
"2259",5,4,22,123,1,40,1
"2260",5,4,22,124,1,18,1
"2261",5,4,22,125,1,24,1
"2262",5,4,23,126,1,22,1
"2263",5,4,23,127,1,6,1
"2264",5,4,23,128,1,10,1
"2265",5,4,23,129,1,8,1
"2266",5,4,23,130,1,15,1
"2267",5,4,23,131,1,15,1
"2268",5,4,24,132,1,10,1
"2269",5,4,24,133,1,17,1
"2270",5,4,24,134,1,13,1
"2271",5,4,24,135,1,12,1
"2272",5,4,24,136,1,12,1
"2273",5,4,24,137,1,6,1
"2274",5,5,25,138,1,11,1
"2275",5,5,25,139,1,9,1
"2276",5,5,25,140,1,5,1
"2277",5,5,25,141,1,4,1
"2278",5,5,25,142,1,12,1
"2279",5,5,25,143,1,7,1
"2280",5,5,25,144,1,6,1
"2281",5,5,26,145,1,1,1
"2282",5,5,26,146,1,0,1
"2283",5,5,26,147,1,8,1
"2284",5,5,26,148,1,1,1
"2285",5,5,26,149,1,7,1
"2286",5,5,26,150,1,3,1
"2287",5,5,26,151,1,1,1
"2288",5,5,26,152,1,4,1
"2289",5,5,27,153,1,6,1
"2290",5,5,27,154,1,5,1
"2291",5,5,27,155,1,16,1
"2292",5,5,27,156,1,18,1
"2293",5,5,27,157,1,4,1
"2294",5,5,28,158,1,13,1
"2295",5,5,28,159,1,16,1
"2296",5,5,28,160,1,6,1
"2297",5,5,28,161,1,12,1
"2298",5,5,28,162,1,23,1
"2299",5,5,28,163,1,11,1
"2300",5,5,28,164,1,9,1
"2301",5,5,29,165,1,7,1
"2302",5,5,29,166,1,22,1
"2303",5,5,29,167,1,14,1
"2304",5,5,29,168,1,11,1
"2305",5,5,29,169,1,18,1
"2306",5,5,29,170,1,21,1
"2307",5,5,30,171,1,19,1
"2308",5,5,30,172,1,20,1
"2309",5,5,30,173,1,16,1
"2310",5,5,30,174,1,3,1
"2311",5,5,30,175,1,16,1
"2312",5,5,31,176,1,0,1
"2313",5,5,31,177,1,4,1
"2314",5,5,31,178,1,7,1
"2315",5,5,31,179,1,1,1
"2316",5,5,31,180,1,1,1
"2317",5,5,31,181,1,1,1
"2318",5,5,31,182,1,4,1
"2319",5,5,31,183,1,1,1
"2320",5,5,31,184,1,16,3
"2321",5,5,31,185,1,15,3
"2322",5,5,32,186,1,16,3
"2323",5,5,32,187,1,14,3
"2324",5,5,32,188,1,18,3
"2325",5,5,32,189,1,9,3
"2326",5,5,32,190,1,4,3
"2327",5,5,32,191,1,2,3
"2328",5,5,33,192,1,28,3
"2329",5,5,33,193,1,26,3
"2330",5,5,33,194,1,19,3
"2331",5,5,33,195,1,9,3
"2332",5,5,33,196,1,20,3
"2333",5,5,33,197,1,20,3
"2334",5,5,34,198,1,8,3
"2335",5,5,34,199,1,17,3
"2336",5,5,34,200,1,34,3
"2337",5,5,34,201,1,17,3
"2338",5,5,34,202,1,22,3
"2339",5,6,35,203,1,11,3
"2340",5,6,35,204,1,9,3
"2341",5,6,35,205,1,3,3
"2342",5,6,35,206,1,19,3
"2343",5,6,35,207,1,10,3
"2344",5,6,35,208,1,8,3
"2345",5,6,36,209,1,16,3
"2346",5,6,36,210,1,25,3
"2347",5,6,36,211,1,8,3
"2348",5,6,36,212,1,8,3
"2349",5,6,36,213,1,7,3
"2350",5,6,36,214,1,14,3
"2351",5,6,36,215,1,5,3
"2352",5,6,37,216,1,11,3
"2353",5,6,37,217,1,5,3
"2354",5,6,37,218,1,6,3
"2355",5,6,37,219,1,8,3
"2356",5,6,37,220,1,1,3
"2357",5,6,37,221,1,21,3
"2358",5,6,37,222,1,11,3
"2359",5,6,37,223,1,19,3
"2360",5,6,38,224,1,11,3
"2361",5,6,38,225,1,9,3
"2362",5,6,38,226,1,12,3
"2363",5,6,38,227,1,15,3
"2364",5,6,38,228,1,8,3
"2365",5,6,38,229,1,20,3
"2366",5,6,38,230,1,14,3
"2367",5,6,39,231,1,22,3
"2368",5,6,39,232,1,36,3
"2369",5,6,39,233,1,18,3
"2370",5,6,39,234,1,23,3
"2371",5,6,39,235,1,23,3
"2372",5,6,40,236,1,31,3
"2373",5,6,40,237,1,13,3
"2374",5,6,40,238,1,49,3
"2375",5,6,40,239,1,35,3
"2376",5,6,40,240,1,52,3
"2377",5,6,40,241,1,20,3
"2378",5,6,40,242,1,24,3
"2379",5,6,41,243,1,12,3
"2380",5,6,41,244,1,19,3
"2381",5,6,41,245,1,29,3
"2382",5,6,41,246,1,39,3
"2383",5,6,41,247,1,11,3
"2384",5,6,41,248,1,10,3
"2385",5,6,41,249,1,17,3
"2386",5,6,42,250,1,12,3
"2387",5,6,42,251,1,23,3
"2388",5,6,42,252,1,15,3
"2389",5,6,42,253,1,46,3
"2390",5,6,42,254,1,20,3
"2391",5,6,43,255,1,41,3
"2392",5,6,43,256,1,22,3
"2393",5,6,43,257,1,19,3
"2394",5,6,43,258,1,14,3
"2395",5,6,43,259,1,8,3
"2396",5,6,44,260,1,14,3
"2397",5,6,44,261,1,16,3
"2398",5,6,44,262,1,6,3
"2399",5,6,44,263,1,6,3
"2400",5,6,44,264,1,5,3
"2401",5,6,44,265,1,18,3
"2402",5,6,44,266,1,23,3
"2403",5,6,44,267,1,5,3
"2404",5,1,1,1,2,0,2
"2405",5,1,1,2,2,0,2
"2406",5,1,1,3,2,0,2
"2407",5,1,2,4,2,0,2
"2408",5,1,2,5,2,2,2
"2409",5,1,2,6,2,0,2
"2410",5,2,3,7,2,1,2
"2411",5,2,3,8,2,5,2
"2412",5,2,3,9,2,7,2
"2413",5,2,3,10,2,10,2
"2414",5,2,3,11,2,3,2
"2415",5,2,3,12,2,2,2
"2416",5,2,4,13,2,0,2
"2417",5,2,4,14,2,7,2
"2418",5,2,4,15,2,2,2
"2419",5,2,4,16,2,5,2
"2420",5,2,4,17,2,12,2
"2421",5,2,5,18,2,5,2
"2422",5,2,5,19,2,15,2
"2423",5,2,5,20,2,5,2
"2424",5,2,5,21,2,4,2
"2425",5,2,5,22,2,7,2
"2426",5,2,5,23,2,11,2
"2427",5,2,5,24,2,6,2
"2428",5,2,5,25,2,5,2
"2429",5,2,6,26,2,1,2
"2430",5,2,6,27,2,1,2
"2431",5,2,6,28,2,10,2
"2432",5,2,6,29,2,15,2
"2433",5,2,6,30,2,7,2
"2434",5,2,6,31,2,4,2
"2435",5,2,7,32,2,7,2
"2436",5,2,7,33,2,12,2
"2437",5,2,7,34,2,8,2
"2438",5,2,8,35,2,5,2
"2439",5,2,8,36,2,3,2
"2440",5,2,8,37,2,8,2
"2441",5,2,8,38,2,0,2
"2442",5,2,8,39,2,4,2
"2443",5,2,9,40,2,0,2
"2444",5,2,9,41,2,8,2
"2445",5,2,9,42,2,4,2
"2446",5,2,9,43,2,17,2
"2447",5,2,9,44,2,10,2
"2448",5,2,9,45,2,7,2
"2449",5,2,9,46,2,1,2
"2450",5,2,10,47,2,1,2
"2451",5,2,10,48,2,7,2
"2452",5,2,10,49,2,2,2
"2453",5,2,10,50,2,8,2
"2454",5,3,11,51,2,32,2
"2455",5,3,11,52,2,8,2
"2456",5,3,11,53,2,16,2
"2457",5,3,11,54,2,30,2
"2458",5,3,11,55,2,27,2
"2459",5,3,12,56,2,16,2
"2460",5,3,12,57,2,31,2
"2461",5,3,12,58,2,11,2
"2462",5,3,12,59,2,5,2
"2463",5,3,12,60,2,12,2
"2464",5,3,12,61,2,29,2
"2465",5,3,12,62,2,18,2
"2466",5,3,13,63,2,9,2
"2467",5,3,13,64,2,31,2
"2468",5,3,13,65,2,12,2
"2469",5,3,13,66,2,5,2
"2470",5,3,13,67,2,18,2
"2471",5,3,13,68,2,19,2
"2472",5,3,14,69,2,18,2
"2473",5,3,14,70,2,26,2
"2474",5,3,14,71,2,11,2
"2475",5,3,14,72,2,27,2
"2476",5,3,14,73,2,19,2
"2477",5,3,14,74,2,27,2
"2478",5,3,14,75,2,23,2
"2479",5,3,15,76,2,15,2
"2480",5,3,15,77,2,27,2
"2481",5,3,15,78,2,17,2
"2482",5,3,16,79,2,16,2
"2483",5,3,16,80,2,25,2
"2484",5,3,16,81,2,25,2
"2485",5,4,17,82,2,27,2
"2486",5,4,17,83,2,40,2
"2487",5,4,17,84,2,22,2
"2488",5,4,17,85,2,13,2
"2489",5,4,17,86,2,60,2
"2490",5,4,17,87,2,54,2
"2491",5,4,18,88,2,4,2
"2492",5,4,18,89,2,6,2
"2493",5,4,18,90,2,13,2
"2494",5,4,18,91,2,9,2
"2495",5,4,18,92,2,15,1
"2496",5,4,18,93,2,12,1
"2497",5,4,18,94,2,10,1
"2498",5,4,19,95,2,8,1
"2499",5,4,19,96,2,8,1
"2500",5,4,19,97,2,4,1
"2501",5,4,19,98,2,8,1
"2502",5,4,19,99,2,0,1
"2503",5,4,19,100,2,6,1
"2504",5,4,19,101,2,1,1
"2505",5,4,19,102,2,6,1
"2506",5,4,20,103,2,1,1
"2507",5,4,20,104,2,3,1
"2508",5,4,20,105,2,2,1
"2509",5,4,20,106,2,4,1
"2510",5,4,20,107,2,3,1
"2511",5,4,20,108,2,7,1
"2512",5,4,20,109,2,6,1
"2513",5,4,20,110,2,10,1
"2514",5,4,20,111,2,13,1
"2515",5,4,20,112,2,0,1
"2516",5,4,20,113,2,4,1
"2517",5,4,21,114,2,22,1
"2518",5,4,21,115,2,22,1
"2519",5,4,21,116,2,20,1
"2520",5,4,21,117,2,7,1
"2521",5,4,21,118,2,13,1
"2522",5,4,21,119,2,17,1
"2523",5,4,21,120,2,8,1
"2524",5,4,22,121,2,21,1
"2525",5,4,22,122,2,25,1
"2526",5,4,22,123,2,47,1
"2527",5,4,22,124,2,20,1
"2528",5,4,22,125,2,49,1
"2529",5,4,23,126,2,21,1
"2530",5,4,23,127,2,1,1
"2531",5,4,23,128,2,8,1
"2532",5,4,23,129,2,7,1
"2533",5,4,23,130,2,18,1
"2534",5,4,23,131,2,11,1
"2535",5,4,24,132,2,19,1
"2536",5,4,24,133,2,13,1
"2537",5,4,24,134,2,15,1
"2538",5,4,24,135,2,13,1
"2539",5,4,24,136,2,18,1
"2540",5,4,24,137,2,9,1
"2541",5,5,25,138,2,11,1
"2542",5,5,25,139,2,12,1
"2543",5,5,25,140,2,6,1
"2544",5,5,25,141,2,5,1
"2545",5,5,25,142,2,13,1
"2546",5,5,25,143,2,13,1
"2547",5,5,25,144,2,11,1
"2548",5,5,26,145,2,2,1
"2549",5,5,26,146,2,0,1
"2550",5,5,26,147,2,11,1
"2551",5,5,26,148,2,2,1
"2552",5,5,26,149,2,10,1
"2553",5,5,26,150,2,9,1
"2554",5,5,26,151,2,2,1
"2555",5,5,26,152,2,2,1
"2556",5,5,27,153,2,8,1
"2557",5,5,27,154,2,11,1
"2558",5,5,27,155,2,15,1
"2559",5,5,27,156,2,16,1
"2560",5,5,27,157,2,7,1
"2561",5,5,28,158,2,20,1
"2562",5,5,28,159,2,12,1
"2563",5,5,28,160,2,8,1
"2564",5,5,28,161,2,11,1
"2565",5,5,28,162,2,18,1
"2566",5,5,28,163,2,27,1
"2567",5,5,28,164,2,16,1
"2568",5,5,29,165,2,10,1
"2569",5,5,29,166,2,15,1
"2570",5,5,29,167,2,16,1
"2571",5,5,29,168,2,8,1
"2572",5,5,29,169,2,17,1
"2573",5,5,29,170,2,17,1
"2574",5,5,30,171,2,36,1
"2575",5,5,30,172,2,24,1
"2576",5,5,30,173,2,19,1
"2577",5,5,30,174,2,11,1
"2578",5,5,30,175,2,17,1
"2579",5,5,31,176,2,0,1
"2580",5,5,31,177,2,1,1
"2581",5,5,31,178,2,3,1
"2582",5,5,31,179,2,1,1
"2583",5,5,31,180,2,7,1
"2584",5,5,31,181,2,0,1
"2585",5,5,31,182,2,3,1
"2586",5,5,31,183,2,4,1
"2587",5,5,31,184,2,13,3
"2588",5,5,31,185,2,18,3
"2589",5,5,32,186,2,9,3
"2590",5,5,32,187,2,16,3
"2591",5,5,32,188,2,19,3
"2592",5,5,32,189,2,6,3
"2593",5,5,32,190,2,9,3
"2594",5,5,32,191,2,2,3
"2595",5,5,33,192,2,25,3
"2596",5,5,33,193,2,38,3
"2597",5,5,33,194,2,15,3
"2598",5,5,33,195,2,7,3
"2599",5,5,33,196,2,21,3
"2600",5,5,33,197,2,17,3
"2601",5,5,34,198,2,17,3
"2602",5,5,34,199,2,19,3
"2603",5,5,34,200,2,29,3
"2604",5,5,34,201,2,24,3
"2605",5,5,34,202,2,24,3
"2606",5,6,35,203,2,17,3
"2607",5,6,35,204,2,10,3
"2608",5,6,35,205,2,6,3
"2609",5,6,35,206,2,11,3
"2610",5,6,35,207,2,12,3
"2611",5,6,35,208,2,8,3
"2612",5,6,36,209,2,18,3
"2613",5,6,36,210,2,21,3
"2614",5,6,36,211,2,9,3
"2615",5,6,36,212,2,8,3
"2616",5,6,36,213,2,7,3
"2617",5,6,36,214,2,18,3
"2618",5,6,36,215,2,6,3
"2619",5,6,37,216,2,8,3
"2620",5,6,37,217,2,10,3
"2621",5,6,37,218,2,7,3
"2622",5,6,37,219,2,11,3
"2623",5,6,37,220,2,16,3
"2624",5,6,37,221,2,22,3
"2625",5,6,37,222,2,11,3
"2626",5,6,37,223,2,21,3
"2627",5,6,38,224,2,14,3
"2628",5,6,38,225,2,26,3
"2629",5,6,38,226,2,11,3
"2630",5,6,38,227,2,16,3
"2631",5,6,38,228,2,14,3
"2632",5,6,38,229,2,30,3
"2633",5,6,38,230,2,17,3
"2634",5,6,39,231,2,10,3
"2635",5,6,39,232,2,26,3
"2636",5,6,39,233,2,18,3
"2637",5,6,39,234,2,18,3
"2638",5,6,39,235,2,22,3
"2639",5,6,40,236,2,34,3
"2640",5,6,40,237,2,18,3
"2641",5,6,40,238,2,51,3
"2642",5,6,40,239,2,43,3
"2643",5,6,40,240,2,46,3
"2644",5,6,40,241,2,15,3
"2645",5,6,40,242,2,26,3
"2646",5,6,41,243,2,26,3
"2647",5,6,41,244,2,36,3
"2648",5,6,41,245,2,40,3
"2649",5,6,41,246,2,57,3
"2650",5,6,41,247,2,12,3
"2651",5,6,41,248,2,18,3
"2652",5,6,41,249,2,18,3
"2653",5,6,42,250,2,9,3
"2654",5,6,42,251,2,21,3
"2655",5,6,42,252,2,37,3
"2656",5,6,42,253,2,33,3
"2657",5,6,42,254,2,14,3
"2658",5,6,43,255,2,35,3
"2659",5,6,43,256,2,28,3
"2660",5,6,43,257,2,17,3
"2661",5,6,43,258,2,21,3
"2662",5,6,43,259,2,15,3
"2663",5,6,44,260,2,22,3
"2664",5,6,44,261,2,23,3
"2665",5,6,44,262,2,16,3
"2666",5,6,44,263,2,14,3
"2667",5,6,44,264,2,15,3
"2668",5,6,44,265,2,25,3
"2669",5,6,44,266,2,41,3
"2670",5,6,44,267,2,5,3
